date,precinct,accident_count
2020-01-01,CENTRA,3
2020-01-01,EAST,3
2020-01-01,HERMIT,11
2020-01-01,MADISO,4
2020-01-01,MIDTOW,3
2020-01-01,NORTH,4
2020-01-01,SOUTH,12
2020-01-01,WEST,4
2020-01-02,CENTRA,7
2020-01-02,EAST,8
2020-01-02,HERMIT,15
2020-01-02,MADISO,14
2020-01-02,MIDTOW,16
2020-01-02,NORTH,13
2020-01-02,SOUTH,29
2020-01-02,WEST,15
2020-01-03,CENTRA,9
2020-01-03,EAST,20
2020-01-03,HERMIT,29
2020-01-03,MADISO,11
2020-01-03,MIDTOW,9
2020-01-03,NORTH,13
2020-01-03,SOUTH,24
2020-01-03,WEST,12
2020-01-04,CENTRA,4
2020-01-04,EAST,4
2020-01-04,HERMIT,10
2020-01-04,MADISO,5
2020-01-04,MIDTOW,11
2020-01-04,NORTH,4
2020-01-04,SOUTH,15
2020-01-04,WEST,2
2020-01-05,CENTRA,1
2020-01-05,EAST,7
2020-01-05,HERMIT,13
2020-01-05,MADISO,3
2020-01-05,MIDTOW,5
2020-01-05,SOUTH,7
2020-01-05,WEST,5
2020-01-06,CENTRA,7
2020-01-06,EAST,13
2020-01-06,HERMIT,9
2020-01-06,MADISO,6
2020-01-06,MIDTOW,11
2020-01-06,NORTH,11
2020-01-06,SOUTH,20
2020-01-06,WEST,9
2020-01-07,CENTRA,13
2020-01-07,EAST,4
2020-01-07,HERMIT,19
2020-01-07,MADISO,7
2020-01-07,MIDTOW,25
2020-01-07,NORTH,10
2020-01-07,SOUTH,23
2020-01-07,WEST,9
2020-01-08,CENTRA,7
2020-01-08,EAST,7
2020-01-08,HERMIT,10
2020-01-08,MADISO,8
2020-01-08,MIDTOW,19
2020-01-08,NORTH,8
2020-01-08,SOUTH,16
2020-01-08,WEST,9
2020-01-09,CENTRA,9
2020-01-09,EAST,7
2020-01-09,HERMIT,15
2020-01-09,MADISO,6
2020-01-09,MIDTOW,16
2020-01-09,NORTH,9
2020-01-09,SOUTH,20
2020-01-09,WEST,12
2020-01-10,CENTRA,11
2020-01-10,EAST,11
2020-01-10,HERMIT,12
2020-01-10,MADISO,9
2020-01-10,MIDTOW,16
2020-01-10,NORTH,11
2020-01-10,SOUTH,21
2020-01-10,WEST,9
2020-01-11,CENTRA,10
2020-01-11,EAST,8
2020-01-11,HERMIT,13
2020-01-11,MADISO,12
2020-01-11,MIDTOW,13
2020-01-11,NORTH,9
2020-01-11,SOUTH,19
2020-01-11,WEST,11
2020-01-12,CENTRA,4
2020-01-12,EAST,5
2020-01-12,HERMIT,9
2020-01-12,MADISO,5
2020-01-12,MIDTOW,9
2020-01-12,NORTH,7
2020-01-12,SOUTH,12
2020-01-12,WEST,5
2020-01-13,CENTRA,3
2020-01-13,EAST,9
2020-01-13,HERMIT,14
2020-01-13,MADISO,6
2020-01-13,MIDTOW,7
2020-01-13,NORTH,5
2020-01-13,SOUTH,22
2020-01-13,WEST,10
2020-01-14,CENTRA,10
2020-01-14,EAST,12
2020-01-14,HERMIT,16
2020-01-14,MADISO,6
2020-01-14,MIDTOW,24
2020-01-14,NORTH,7
2020-01-14,SOUTH,18
2020-01-14,WEST,9
2020-01-15,CENTRA,7
2020-01-15,EAST,7
2020-01-15,HERMIT,15
2020-01-15,MADISO,10
2020-01-15,MIDTOW,19
2020-01-15,NORTH,10
2020-01-15,SOUTH,17
2020-01-15,WEST,15
2020-01-16,CENTRA,6
2020-01-16,EAST,7
2020-01-16,HERMIT,17
2020-01-16,MADISO,10
2020-01-16,MIDTOW,15
2020-01-16,NORTH,9
2020-01-16,SOUTH,18
2020-01-16,WEST,7
2020-01-17,CENTRA,13
2020-01-17,EAST,12
2020-01-17,HERMIT,13
2020-01-17,MADISO,10
2020-01-17,MIDTOW,9
2020-01-17,NORTH,11
2020-01-17,SOUTH,16
2020-01-17,WEST,2
2020-01-18,CENTRA,13
2020-01-18,EAST,8
2020-01-18,HERMIT,12
2020-01-18,MADISO,7
2020-01-18,MIDTOW,11
2020-01-18,NORTH,9
2020-01-18,SOUTH,18
2020-01-18,WEST,6
2020-01-19,CENTRA,11
2020-01-19,EAST,1
2020-01-19,HERMIT,9
2020-01-19,MADISO,6
2020-01-19,MIDTOW,12
2020-01-19,NORTH,6
2020-01-19,SOUTH,11
2020-01-19,WEST,4
2020-01-20,EAST,6
2020-01-20,HERMIT,8
2020-01-20,MADISO,3
2020-01-20,MIDTOW,9
2020-01-20,NORTH,9
2020-01-20,SOUTH,12
2020-01-20,WEST,5
2020-01-21,CENTRA,9
2020-01-21,EAST,9
2020-01-21,HERMIT,18
2020-01-21,MADISO,4
2020-01-21,MIDTOW,12
2020-01-21,NORTH,11
2020-01-21,SOUTH,20
2020-01-21,WEST,6
2020-01-22,CENTRA,9
2020-01-22,EAST,1
2020-01-22,HERMIT,17
2020-01-22,MADISO,4
2020-01-22,MIDTOW,26
2020-01-22,NORTH,20
2020-01-22,SOUTH,26
2020-01-22,WEST,5
2020-01-23,CENTRA,13
2020-01-23,EAST,14
2020-01-23,HERMIT,23
2020-01-23,MADISO,7
2020-01-23,MIDTOW,21
2020-01-23,NORTH,15
2020-01-23,SOUTH,31
2020-01-23,WEST,15
2020-01-24,CENTRA,11
2020-01-24,EAST,11
2020-01-24,HERMIT,20
2020-01-24,MADISO,5
2020-01-24,MIDTOW,15
2020-01-24,NORTH,13
2020-01-24,SOUTH,32
2020-01-24,WEST,16
2020-01-25,CENTRA,5
2020-01-25,EAST,4
2020-01-25,HERMIT,9
2020-01-25,MADISO,7
2020-01-25,MIDTOW,3
2020-01-25,NORTH,5
2020-01-25,SOUTH,21
2020-01-25,WEST,5
2020-01-26,CENTRA,4
2020-01-26,EAST,5
2020-01-26,HERMIT,6
2020-01-26,MIDTOW,5
2020-01-26,NORTH,9
2020-01-26,SOUTH,16
2020-01-26,WEST,6
2020-01-27,CENTRA,12
2020-01-27,EAST,5
2020-01-27,HERMIT,16
2020-01-27,MADISO,12
2020-01-27,MIDTOW,16
2020-01-27,NORTH,9
2020-01-27,SOUTH,21
2020-01-27,WEST,8
2020-01-28,CENTRA,4
2020-01-28,EAST,11
2020-01-28,HERMIT,19
2020-01-28,MADISO,7
2020-01-28,MIDTOW,19
2020-01-28,NORTH,7
2020-01-28,SOUTH,11
2020-01-28,WEST,5
2020-01-29,CENTRA,10
2020-01-29,EAST,11
2020-01-29,HERMIT,15
2020-01-29,MADISO,8
2020-01-29,MIDTOW,13
2020-01-29,NORTH,9
2020-01-29,SOUTH,23
2020-01-29,WEST,13
2020-01-30,CENTRA,6
2020-01-30,EAST,9
2020-01-30,HERMIT,17
2020-01-30,MADISO,12
2020-01-30,MIDTOW,20
2020-01-30,NORTH,10
2020-01-30,SOUTH,17
2020-01-30,WEST,7
2020-01-31,CENTRA,11
2020-01-31,EAST,13
2020-01-31,HERMIT,18
2020-01-31,MADISO,8
2020-01-31,MIDTOW,11
2020-01-31,NORTH,14
2020-01-31,SOUTH,34
2020-01-31,WEST,5
2020-02-01,CENTRA,7
2020-02-01,EAST,5
2020-02-01,HERMIT,9
2020-02-01,MADISO,5
2020-02-01,MIDTOW,15
2020-02-01,NORTH,6
2020-02-01,SOUTH,19
2020-02-01,WEST,5
2020-02-02,CENTRA,3
2020-02-02,EAST,3
2020-02-02,HERMIT,9
2020-02-02,MADISO,7
2020-02-02,MIDTOW,8
2020-02-02,NORTH,9
2020-02-02,SOUTH,20
2020-02-02,WEST,3
2020-02-03,CENTRA,9
2020-02-03,EAST,11
2020-02-03,HERMIT,11
2020-02-03,MADISO,9
2020-02-03,MIDTOW,10
2020-02-03,NORTH,15
2020-02-03,SOUTH,17
2020-02-03,WEST,9
2020-02-04,CENTRA,12
2020-02-04,EAST,13
2020-02-04,HERMIT,24
2020-02-04,MADISO,16
2020-02-04,MIDTOW,24
2020-02-04,NORTH,14
2020-02-04,SOUTH,25
2020-02-04,WEST,7
2020-02-05,CENTRA,7
2020-02-05,EAST,7
2020-02-05,HERMIT,23
2020-02-05,MADISO,7
2020-02-05,MIDTOW,13
2020-02-05,NORTH,11
2020-02-05,SOUTH,30
2020-02-05,WEST,14
2020-02-06,CENTRA,10
2020-02-06,EAST,9
2020-02-06,HERMIT,19
2020-02-06,MADISO,9
2020-02-06,MIDTOW,17
2020-02-06,NORTH,11
2020-02-06,SOUTH,23
2020-02-06,WEST,10
2020-02-07,CENTRA,9
2020-02-07,EAST,8
2020-02-07,HERMIT,14
2020-02-07,MADISO,10
2020-02-07,MIDTOW,16
2020-02-07,NORTH,10
2020-02-07,SOUTH,18
2020-02-07,WEST,7
2020-02-08,CENTRA,4
2020-02-08,EAST,3
2020-02-08,HERMIT,12
2020-02-08,MADISO,7
2020-02-08,MIDTOW,6
2020-02-08,NORTH,7
2020-02-08,SOUTH,10
2020-02-08,WEST,7
2020-02-09,CENTRA,2
2020-02-09,EAST,5
2020-02-09,HERMIT,6
2020-02-09,MADISO,4
2020-02-09,MIDTOW,9
2020-02-09,NORTH,7
2020-02-09,SOUTH,18
2020-02-09,WEST,1
2020-02-10,CENTRA,5
2020-02-10,EAST,8
2020-02-10,HERMIT,13
2020-02-10,MADISO,3
2020-02-10,MIDTOW,22
2020-02-10,NORTH,14
2020-02-10,SOUTH,23
2020-02-10,WEST,11
2020-02-11,CENTRA,6
2020-02-11,EAST,12
2020-02-11,HERMIT,16
2020-02-11,MADISO,9
2020-02-11,MIDTOW,15
2020-02-11,NORTH,15
2020-02-11,SOUTH,18
2020-02-11,WEST,11
2020-02-12,CENTRA,12
2020-02-12,EAST,13
2020-02-12,HERMIT,25
2020-02-12,MADISO,5
2020-02-12,MIDTOW,12
2020-02-12,NORTH,11
2020-02-12,SOUTH,22
2020-02-12,WEST,12
2020-02-13,CENTRA,9
2020-02-13,EAST,10
2020-02-13,HERMIT,13
2020-02-13,MADISO,9
2020-02-13,MIDTOW,11
2020-02-13,NORTH,10
2020-02-13,SOUTH,26
2020-02-13,WEST,7
2020-02-14,CENTRA,18
2020-02-14,EAST,14
2020-02-14,HERMIT,28
2020-02-14,MADISO,13
2020-02-14,MIDTOW,18
2020-02-14,NORTH,10
2020-02-14,SOUTH,28
2020-02-14,WEST,8
2020-02-15,CENTRA,5
2020-02-15,EAST,7
2020-02-15,HERMIT,13
2020-02-15,MADISO,8
2020-02-15,MIDTOW,11
2020-02-15,NORTH,9
2020-02-15,SOUTH,17
2020-02-15,WEST,4
2020-02-16,CENTRA,3
2020-02-16,EAST,8
2020-02-16,HERMIT,11
2020-02-16,MADISO,8
2020-02-16,MIDTOW,6
2020-02-16,NORTH,5
2020-02-16,SOUTH,18
2020-02-16,WEST,8
2020-02-17,CENTRA,7
2020-02-17,EAST,8
2020-02-17,HERMIT,10
2020-02-17,MADISO,9
2020-02-17,MIDTOW,12
2020-02-17,NORTH,8
2020-02-17,SOUTH,18
2020-02-17,WEST,9
2020-02-18,CENTRA,11
2020-02-18,EAST,12
2020-02-18,HERMIT,18
2020-02-18,MADISO,9
2020-02-18,MIDTOW,17
2020-02-18,NORTH,12
2020-02-18,SOUTH,24
2020-02-18,WEST,8
2020-02-19,CENTRA,7
2020-02-19,EAST,2
2020-02-19,HERMIT,17
2020-02-19,MADISO,1
2020-02-19,MIDTOW,16
2020-02-19,NORTH,6
2020-02-19,SOUTH,13
2020-02-19,WEST,8
2020-02-20,CENTRA,5
2020-02-20,EAST,10
2020-02-20,HERMIT,14
2020-02-20,MADISO,13
2020-02-20,MIDTOW,15
2020-02-20,NORTH,5
2020-02-20,SOUTH,19
2020-02-20,WEST,10
2020-02-21,CENTRA,13
2020-02-21,EAST,14
2020-02-21,HERMIT,16
2020-02-21,MADISO,9
2020-02-21,MIDTOW,18
2020-02-21,NORTH,11
2020-02-21,SOUTH,24
2020-02-21,WEST,9
2020-02-22,CENTRA,9
2020-02-22,EAST,6
2020-02-22,HERMIT,11
2020-02-22,MADISO,10
2020-02-22,MIDTOW,7
2020-02-22,NORTH,9
2020-02-22,SOUTH,20
2020-02-22,WEST,9
2020-02-23,CENTRA,9
2020-02-23,EAST,6
2020-02-23,HERMIT,6
2020-02-23,MADISO,12
2020-02-23,MIDTOW,9
2020-02-23,NORTH,4
2020-02-23,SOUTH,18
2020-02-23,WEST,7
2020-02-24,CENTRA,5
2020-02-24,EAST,8
2020-02-24,HERMIT,11
2020-02-24,MADISO,5
2020-02-24,MIDTOW,14
2020-02-24,NORTH,12
2020-02-24,SOUTH,19
2020-02-24,WEST,13
2020-02-25,CENTRA,7
2020-02-25,EAST,5
2020-02-25,HERMIT,8
2020-02-25,MADISO,3
2020-02-25,MIDTOW,12
2020-02-25,NORTH,9
2020-02-25,SOUTH,12
2020-02-25,WEST,7
2020-02-26,CENTRA,10
2020-02-26,EAST,7
2020-02-26,HERMIT,13
2020-02-26,MADISO,9
2020-02-26,MIDTOW,12
2020-02-26,NORTH,2
2020-02-26,SOUTH,25
2020-02-26,WEST,11
2020-02-27,CENTRA,13
2020-02-27,EAST,9
2020-02-27,HERMIT,25
2020-02-27,MADISO,5
2020-02-27,MIDTOW,12
2020-02-27,NORTH,13
2020-02-27,SOUTH,17
2020-02-27,WEST,10
2020-02-28,CENTRA,11
2020-02-28,EAST,14
2020-02-28,HERMIT,28
2020-02-28,MADISO,4
2020-02-28,MIDTOW,25
2020-02-28,NORTH,13
2020-02-28,SOUTH,33
2020-02-28,WEST,14
2020-02-29,CENTRA,5
2020-02-29,EAST,7
2020-02-29,HERMIT,20
2020-02-29,MADISO,8
2020-02-29,MIDTOW,9
2020-02-29,NORTH,14
2020-02-29,SOUTH,21
2020-02-29,WEST,10
2020-03-01,CENTRA,4
2020-03-01,EAST,7
2020-03-01,HERMIT,14
2020-03-01,MADISO,7
2020-03-01,MIDTOW,8
2020-03-01,NORTH,3
2020-03-01,SOUTH,16
2020-03-01,WEST,6
2020-03-02,CENTRA,9
2020-03-02,EAST,7
2020-03-02,HERMIT,22
2020-03-02,MADISO,8
2020-03-02,MIDTOW,15
2020-03-02,NORTH,9
2020-03-02,SOUTH,19
2020-03-02,WEST,7
2020-03-03,CENTRA,4
2020-03-03,EAST,15
2020-03-03,HERMIT,16
2020-03-03,MADISO,8
2020-03-03,MIDTOW,7
2020-03-03,NORTH,19
2020-03-03,SOUTH,17
2020-03-03,WEST,11
2020-03-04,CENTRA,7
2020-03-04,EAST,8
2020-03-04,HERMIT,21
2020-03-04,MADISO,10
2020-03-04,MIDTOW,8
2020-03-04,NORTH,11
2020-03-04,SOUTH,18
2020-03-04,WEST,8
2020-03-05,CENTRA,12
2020-03-05,EAST,12
2020-03-05,HERMIT,22
2020-03-05,MADISO,6
2020-03-05,MIDTOW,20
2020-03-05,NORTH,14
2020-03-05,SOUTH,13
2020-03-05,WEST,11
2020-03-06,CENTRA,4
2020-03-06,EAST,12
2020-03-06,HERMIT,21
2020-03-06,MADISO,11
2020-03-06,MIDTOW,19
2020-03-06,NORTH,18
2020-03-06,SOUTH,25
2020-03-06,WEST,12
2020-03-07,CENTRA,7
2020-03-07,EAST,10
2020-03-07,HERMIT,14
2020-03-07,MADISO,7
2020-03-07,MIDTOW,14
2020-03-07,NORTH,8
2020-03-07,SOUTH,19
2020-03-07,WEST,10
2020-03-08,CENTRA,9
2020-03-08,EAST,9
2020-03-08,HERMIT,10
2020-03-08,MADISO,8
2020-03-08,MIDTOW,7
2020-03-08,NORTH,6
2020-03-08,SOUTH,26
2020-03-08,WEST,6
2020-03-09,CENTRA,9
2020-03-09,EAST,12
2020-03-09,HERMIT,14
2020-03-09,MADISO,8
2020-03-09,MIDTOW,3
2020-03-09,NORTH,9
2020-03-09,SOUTH,16
2020-03-09,WEST,13
2020-03-10,CENTRA,10
2020-03-10,EAST,8
2020-03-10,HERMIT,23
2020-03-10,MADISO,9
2020-03-10,MIDTOW,25
2020-03-10,NORTH,13
2020-03-10,SOUTH,29
2020-03-10,WEST,7
2020-03-11,CENTRA,16
2020-03-11,EAST,4
2020-03-11,HERMIT,11
2020-03-11,MADISO,3
2020-03-11,MIDTOW,16
2020-03-11,NORTH,14
2020-03-11,SOUTH,20
2020-03-11,WEST,10
2020-03-12,CENTRA,5
2020-03-12,EAST,6
2020-03-12,HERMIT,10
2020-03-12,MADISO,8
2020-03-12,MIDTOW,6
2020-03-12,NORTH,11
2020-03-12,SOUTH,15
2020-03-12,WEST,5
2020-03-13,CENTRA,3
2020-03-13,EAST,6
2020-03-13,HERMIT,11
2020-03-13,MADISO,6
2020-03-13,MIDTOW,14
2020-03-13,NORTH,15
2020-03-13,SOUTH,12
2020-03-13,WEST,7
2020-03-14,CENTRA,10
2020-03-14,EAST,8
2020-03-14,HERMIT,15
2020-03-14,MADISO,8
2020-03-14,MIDTOW,12
2020-03-14,NORTH,7
2020-03-14,SOUTH,16
2020-03-14,WEST,4
2020-03-15,CENTRA,2
2020-03-15,EAST,3
2020-03-15,HERMIT,8
2020-03-15,MADISO,3
2020-03-15,MIDTOW,7
2020-03-15,NORTH,4
2020-03-15,SOUTH,14
2020-03-15,WEST,9
2020-03-16,CENTRA,3
2020-03-16,EAST,8
2020-03-16,HERMIT,16
2020-03-16,MADISO,2
2020-03-16,MIDTOW,5
2020-03-16,NORTH,5
2020-03-16,SOUTH,14
2020-03-16,WEST,5
2020-03-17,CENTRA,6
2020-03-17,EAST,4
2020-03-17,HERMIT,4
2020-03-17,MADISO,6
2020-03-17,MIDTOW,7
2020-03-17,NORTH,4
2020-03-17,SOUTH,22
2020-03-17,WEST,3
2020-03-18,CENTRA,6
2020-03-18,EAST,8
2020-03-18,HERMIT,11
2020-03-18,MADISO,6
2020-03-18,MIDTOW,5
2020-03-18,NORTH,7
2020-03-18,SOUTH,18
2020-03-18,WEST,5
2020-03-19,CENTRA,7
2020-03-19,EAST,6
2020-03-19,HERMIT,7
2020-03-19,MADISO,3
2020-03-19,MIDTOW,3
2020-03-19,NORTH,11
2020-03-19,SOUTH,8
2020-03-19,WEST,5
2020-03-20,CENTRA,3
2020-03-20,EAST,6
2020-03-20,HERMIT,7
2020-03-20,MADISO,13
2020-03-20,MIDTOW,7
2020-03-20,NORTH,12
2020-03-20,SOUTH,8
2020-03-20,WEST,11
2020-03-21,CENTRA,3
2020-03-21,EAST,4
2020-03-21,HERMIT,1
2020-03-21,MADISO,4
2020-03-21,MIDTOW,4
2020-03-21,NORTH,4
2020-03-21,SOUTH,15
2020-03-21,WEST,8
2020-03-22,CENTRA,1
2020-03-22,EAST,6
2020-03-22,HERMIT,13
2020-03-22,MADISO,3
2020-03-22,MIDTOW,4
2020-03-22,NORTH,4
2020-03-22,SOUTH,8
2020-03-22,WEST,1
2020-03-23,CENTRA,5
2020-03-23,EAST,5
2020-03-23,HERMIT,6
2020-03-23,MADISO,1
2020-03-23,MIDTOW,3
2020-03-23,NORTH,5
2020-03-23,SOUTH,7
2020-03-23,WEST,1
2020-03-24,CENTRA,3
2020-03-24,EAST,8
2020-03-24,HERMIT,12
2020-03-24,MADISO,8
2020-03-24,MIDTOW,5
2020-03-24,NORTH,11
2020-03-24,SOUTH,9
2020-03-24,WEST,4
2020-03-25,CENTRA,1
2020-03-25,EAST,6
2020-03-25,HERMIT,10
2020-03-25,MADISO,6
2020-03-25,NORTH,2
2020-03-25,SOUTH,7
2020-03-25,WEST,2
2020-03-26,CENTRA,2
2020-03-26,EAST,2
2020-03-26,HERMIT,3
2020-03-26,MADISO,5
2020-03-26,MIDTOW,2
2020-03-26,NORTH,2
2020-03-26,SOUTH,12
2020-03-27,CENTRA,4
2020-03-27,EAST,8
2020-03-27,HERMIT,6
2020-03-27,MADISO,6
2020-03-27,MIDTOW,6
2020-03-27,NORTH,4
2020-03-27,SOUTH,13
2020-03-27,WEST,5
2020-03-28,CENTRA,1
2020-03-28,EAST,2
2020-03-28,HERMIT,6
2020-03-28,MADISO,3
2020-03-28,MIDTOW,4
2020-03-28,NORTH,5
2020-03-28,SOUTH,6
2020-03-28,WEST,2
2020-03-29,EAST,2
2020-03-29,HERMIT,6
2020-03-29,MADISO,6
2020-03-29,MIDTOW,2
2020-03-29,NORTH,5
2020-03-29,SOUTH,14
2020-03-29,WEST,1
2020-03-30,EAST,3
2020-03-30,HERMIT,1
2020-03-30,MADISO,2
2020-03-30,MIDTOW,2
2020-03-30,NORTH,2
2020-03-30,SOUTH,5
2020-03-30,WEST,4
2020-03-31,CENTRA,2
2020-03-31,EAST,4
2020-03-31,HERMIT,14
2020-03-31,MADISO,6
2020-03-31,MIDTOW,5
2020-03-31,NORTH,8
2020-03-31,SOUTH,7
2020-03-31,WEST,6
2020-04-01,CENTRA,2
2020-04-01,EAST,2
2020-04-01,HERMIT,3
2020-04-01,MADISO,6
2020-04-01,MIDTOW,3
2020-04-01,NORTH,3
2020-04-01,SOUTH,11
2020-04-01,WEST,5
2020-04-02,EAST,3
2020-04-02,HERMIT,8
2020-04-02,MADISO,1
2020-04-02,MIDTOW,2
2020-04-02,NORTH,4
2020-04-02,SOUTH,8
2020-04-02,WEST,6
2020-04-03,CENTRA,1
2020-04-03,EAST,2
2020-04-03,HERMIT,9
2020-04-03,MADISO,2
2020-04-03,MIDTOW,3
2020-04-03,NORTH,9
2020-04-03,SOUTH,10
2020-04-03,WEST,4
2020-04-04,CENTRA,3
2020-04-04,EAST,3
2020-04-04,HERMIT,7
2020-04-04,MADISO,3
2020-04-04,MIDTOW,5
2020-04-04,NORTH,5
2020-04-04,SOUTH,12
2020-04-05,EAST,4
2020-04-05,HERMIT,4
2020-04-05,MADISO,2
2020-04-05,NORTH,4
2020-04-05,SOUTH,10
2020-04-06,CENTRA,1
2020-04-06,EAST,1
2020-04-06,HERMIT,2
2020-04-06,MADISO,5
2020-04-06,MIDTOW,5
2020-04-06,NORTH,4
2020-04-06,SOUTH,11
2020-04-06,WEST,3
2020-04-07,CENTRA,1
2020-04-07,EAST,2
2020-04-07,HERMIT,8
2020-04-07,MADISO,4
2020-04-07,MIDTOW,3
2020-04-07,NORTH,9
2020-04-07,SOUTH,1
2020-04-07,WEST,2
2020-04-08,CENTRA,2
2020-04-08,EAST,3
2020-04-08,HERMIT,11
2020-04-08,MADISO,7
2020-04-08,MIDTOW,4
2020-04-08,NORTH,4
2020-04-08,SOUTH,11
2020-04-08,WEST,3
2020-04-09,CENTRA,2
2020-04-09,EAST,1
2020-04-09,HERMIT,6
2020-04-09,MADISO,3
2020-04-09,MIDTOW,3
2020-04-09,NORTH,5
2020-04-09,SOUTH,11
2020-04-09,WEST,9
2020-04-10,CENTRA,5
2020-04-10,EAST,3
2020-04-10,HERMIT,2
2020-04-10,MADISO,4
2020-04-10,MIDTOW,4
2020-04-10,NORTH,4
2020-04-10,SOUTH,10
2020-04-10,WEST,6
2020-04-11,CENTRA,1
2020-04-11,EAST,4
2020-04-11,HERMIT,6
2020-04-11,MADISO,2
2020-04-11,MIDTOW,4
2020-04-11,NORTH,5
2020-04-11,SOUTH,11
2020-04-11,WEST,3
2020-04-12,CENTRA,5
2020-04-12,EAST,15
2020-04-12,HERMIT,10
2020-04-12,MADISO,11
2020-04-12,MIDTOW,3
2020-04-12,NORTH,8
2020-04-12,SOUTH,16
2020-04-12,WEST,7
2020-04-13,CENTRA,3
2020-04-13,EAST,4
2020-04-13,HERMIT,5
2020-04-13,MADISO,3
2020-04-13,MIDTOW,4
2020-04-13,NORTH,4
2020-04-13,SOUTH,8
2020-04-13,WEST,4
2020-04-14,HERMIT,4
2020-04-14,MADISO,5
2020-04-14,NORTH,5
2020-04-14,SOUTH,4
2020-04-14,WEST,6
2020-04-15,CENTRA,6
2020-04-15,EAST,7
2020-04-15,HERMIT,11
2020-04-15,MADISO,4
2020-04-15,MIDTOW,8
2020-04-15,SOUTH,10
2020-04-15,WEST,5
2020-04-16,CENTRA,2
2020-04-16,EAST,3
2020-04-16,HERMIT,2
2020-04-16,MADISO,3
2020-04-16,MIDTOW,6
2020-04-16,NORTH,5
2020-04-16,SOUTH,6
2020-04-16,WEST,1
2020-04-17,CENTRA,1
2020-04-17,EAST,3
2020-04-17,HERMIT,7
2020-04-17,MADISO,7
2020-04-17,MIDTOW,3
2020-04-17,NORTH,4
2020-04-17,SOUTH,11
2020-04-17,WEST,3
2020-04-18,CENTRA,2
2020-04-18,EAST,4
2020-04-18,HERMIT,5
2020-04-18,MADISO,3
2020-04-18,MIDTOW,1
2020-04-18,NORTH,2
2020-04-18,SOUTH,9
2020-04-18,WEST,6
2020-04-19,CENTRA,2
2020-04-19,EAST,2
2020-04-19,HERMIT,14
2020-04-19,MADISO,3
2020-04-19,MIDTOW,1
2020-04-19,NORTH,9
2020-04-19,SOUTH,14
2020-04-19,WEST,3
2020-04-20,CENTRA,1
2020-04-20,EAST,6
2020-04-20,HERMIT,10
2020-04-20,MADISO,5
2020-04-20,MIDTOW,3
2020-04-20,NORTH,7
2020-04-20,SOUTH,9
2020-04-20,WEST,4
2020-04-21,CENTRA,4
2020-04-21,EAST,6
2020-04-21,HERMIT,6
2020-04-21,MADISO,5
2020-04-21,MIDTOW,2
2020-04-21,NORTH,5
2020-04-21,SOUTH,9
2020-04-21,WEST,4
2020-04-22,CENTRA,2
2020-04-22,EAST,1
2020-04-22,HERMIT,5
2020-04-22,MADISO,7
2020-04-22,MIDTOW,4
2020-04-22,NORTH,5
2020-04-22,SOUTH,8
2020-04-22,WEST,7
2020-04-23,CENTRA,1
2020-04-23,EAST,7
2020-04-23,HERMIT,13
2020-04-23,MADISO,1
2020-04-23,MIDTOW,6
2020-04-23,NORTH,10
2020-04-23,SOUTH,11
2020-04-23,WEST,1
2020-04-24,CENTRA,2
2020-04-24,EAST,7
2020-04-24,HERMIT,11
2020-04-24,MADISO,6
2020-04-24,MIDTOW,8
2020-04-24,NORTH,3
2020-04-24,SOUTH,12
2020-04-24,WEST,4
2020-04-25,CENTRA,2
2020-04-25,EAST,2
2020-04-25,HERMIT,11
2020-04-25,MADISO,5
2020-04-25,MIDTOW,5
2020-04-25,NORTH,12
2020-04-25,SOUTH,9
2020-04-25,WEST,5
2020-04-26,EAST,1
2020-04-26,HERMIT,6
2020-04-26,MADISO,4
2020-04-26,MIDTOW,3
2020-04-26,NORTH,1
2020-04-26,SOUTH,5
2020-04-26,WEST,3
2020-04-27,CENTRA,2
2020-04-27,EAST,8
2020-04-27,HERMIT,9
2020-04-27,MADISO,5
2020-04-27,MIDTOW,2
2020-04-27,NORTH,6
2020-04-27,SOUTH,17
2020-04-27,WEST,2
2020-04-28,CENTRA,2
2020-04-28,EAST,4
2020-04-28,HERMIT,10
2020-04-28,MADISO,6
2020-04-28,MIDTOW,9
2020-04-28,NORTH,15
2020-04-28,SOUTH,9
2020-04-28,WEST,3
2020-04-29,CENTRA,1
2020-04-29,EAST,5
2020-04-29,HERMIT,7
2020-04-29,MADISO,3
2020-04-29,MIDTOW,4
2020-04-29,NORTH,7
2020-04-29,SOUTH,10
2020-04-29,WEST,5
2020-04-30,CENTRA,5
2020-04-30,EAST,7
2020-04-30,HERMIT,8
2020-04-30,MADISO,4
2020-04-30,MIDTOW,5
2020-04-30,NORTH,1
2020-04-30,SOUTH,4
2020-04-30,WEST,2
2020-05-01,CENTRA,1
2020-05-01,EAST,4
2020-05-01,HERMIT,7
2020-05-01,MADISO,5
2020-05-01,MIDTOW,5
2020-05-01,NORTH,7
2020-05-01,SOUTH,15
2020-05-01,WEST,7
2020-05-02,EAST,5
2020-05-02,HERMIT,8
2020-05-02,MADISO,10
2020-05-02,MIDTOW,4
2020-05-02,NORTH,6
2020-05-02,SOUTH,17
2020-05-02,WEST,3
2020-05-03,CENTRA,2
2020-05-03,EAST,3
2020-05-03,HERMIT,7
2020-05-03,MADISO,2
2020-05-03,MIDTOW,3
2020-05-03,NORTH,4
2020-05-03,SOUTH,16
2020-05-03,WEST,8
2020-05-04,CENTRA,3
2020-05-04,EAST,6
2020-05-04,HERMIT,13
2020-05-04,MADISO,3
2020-05-04,MIDTOW,3
2020-05-04,NORTH,3
2020-05-04,SOUTH,11
2020-05-04,WEST,11
2020-05-05,CENTRA,1
2020-05-05,EAST,3
2020-05-05,HERMIT,12
2020-05-05,MADISO,4
2020-05-05,MIDTOW,12
2020-05-05,NORTH,9
2020-05-05,SOUTH,8
2020-05-05,WEST,8
2020-05-06,CENTRA,2
2020-05-06,EAST,2
2020-05-06,HERMIT,6
2020-05-06,MADISO,6
2020-05-06,MIDTOW,6
2020-05-06,NORTH,4
2020-05-06,SOUTH,13
2020-05-06,WEST,5
2020-05-07,CENTRA,2
2020-05-07,EAST,2
2020-05-07,HERMIT,6
2020-05-07,MADISO,5
2020-05-07,MIDTOW,11
2020-05-07,NORTH,8
2020-05-07,SOUTH,12
2020-05-07,WEST,5
2020-05-08,CENTRA,5
2020-05-08,EAST,7
2020-05-08,HERMIT,8
2020-05-08,MADISO,10
2020-05-08,MIDTOW,3
2020-05-08,NORTH,8
2020-05-08,SOUTH,8
2020-05-08,WEST,8
2020-05-09,CENTRA,3
2020-05-09,EAST,6
2020-05-09,HERMIT,5
2020-05-09,MADISO,4
2020-05-09,MIDTOW,3
2020-05-09,NORTH,5
2020-05-09,SOUTH,9
2020-05-09,WEST,4
2020-05-10,EAST,4
2020-05-10,HERMIT,8
2020-05-10,MADISO,9
2020-05-10,MIDTOW,1
2020-05-10,NORTH,5
2020-05-10,SOUTH,11
2020-05-10,WEST,3
2020-05-11,CENTRA,4
2020-05-11,EAST,11
2020-05-11,HERMIT,9
2020-05-11,MADISO,8
2020-05-11,MIDTOW,10
2020-05-11,NORTH,6
2020-05-11,SOUTH,11
2020-05-11,WEST,6
2020-05-12,CENTRA,1
2020-05-12,EAST,7
2020-05-12,HERMIT,15
2020-05-12,MADISO,2
2020-05-12,MIDTOW,8
2020-05-12,NORTH,8
2020-05-12,SOUTH,15
2020-05-12,WEST,4
2020-05-13,CENTRA,2
2020-05-13,EAST,5
2020-05-13,HERMIT,15
2020-05-13,MADISO,6
2020-05-13,MIDTOW,9
2020-05-13,NORTH,8
2020-05-13,SOUTH,10
2020-05-13,WEST,6
2020-05-14,CENTRA,3
2020-05-14,EAST,10
2020-05-14,HERMIT,15
2020-05-14,MADISO,6
2020-05-14,MIDTOW,2
2020-05-14,NORTH,7
2020-05-14,SOUTH,14
2020-05-14,WEST,9
2020-05-15,CENTRA,4
2020-05-15,EAST,9
2020-05-15,HERMIT,11
2020-05-15,MADISO,12
2020-05-15,MIDTOW,3
2020-05-15,NORTH,8
2020-05-15,SOUTH,11
2020-05-15,WEST,8
2020-05-16,CENTRA,4
2020-05-16,EAST,3
2020-05-16,HERMIT,10
2020-05-16,MADISO,7
2020-05-16,MIDTOW,7
2020-05-16,NORTH,6
2020-05-16,SOUTH,11
2020-05-16,WEST,2
2020-05-17,CENTRA,2
2020-05-17,EAST,5
2020-05-17,HERMIT,7
2020-05-17,MADISO,6
2020-05-17,MIDTOW,5
2020-05-17,NORTH,4
2020-05-17,SOUTH,9
2020-05-17,WEST,5
2020-05-18,CENTRA,4
2020-05-18,EAST,5
2020-05-18,HERMIT,9
2020-05-18,MADISO,5
2020-05-18,MIDTOW,7
2020-05-18,NORTH,11
2020-05-18,SOUTH,7
2020-05-18,WEST,11
2020-05-19,CENTRA,2
2020-05-19,EAST,10
2020-05-19,HERMIT,15
2020-05-19,MADISO,9
2020-05-19,MIDTOW,3
2020-05-19,NORTH,5
2020-05-19,SOUTH,12
2020-05-19,WEST,7
2020-05-20,CENTRA,5
2020-05-20,EAST,8
2020-05-20,HERMIT,19
2020-05-20,MADISO,9
2020-05-20,MIDTOW,7
2020-05-20,NORTH,8
2020-05-20,SOUTH,16
2020-05-20,WEST,11
2020-05-21,CENTRA,8
2020-05-21,EAST,7
2020-05-21,HERMIT,10
2020-05-21,MADISO,5
2020-05-21,MIDTOW,9
2020-05-21,NORTH,10
2020-05-21,SOUTH,18
2020-05-21,WEST,8
2020-05-22,CENTRA,3
2020-05-22,EAST,7
2020-05-22,HERMIT,10
2020-05-22,MADISO,8
2020-05-22,MIDTOW,10
2020-05-22,NORTH,5
2020-05-22,SOUTH,29
2020-05-22,WEST,2
2020-05-23,CENTRA,6
2020-05-23,EAST,6
2020-05-23,HERMIT,13
2020-05-23,MADISO,6
2020-05-23,MIDTOW,4
2020-05-23,NORTH,8
2020-05-23,SOUTH,14
2020-05-23,WEST,2
2020-05-24,CENTRA,1
2020-05-24,EAST,4
2020-05-24,HERMIT,7
2020-05-24,MADISO,5
2020-05-24,MIDTOW,2
2020-05-24,NORTH,8
2020-05-24,SOUTH,15
2020-05-24,WEST,7
2020-05-25,CENTRA,1
2020-05-25,EAST,5
2020-05-25,HERMIT,21
2020-05-25,MADISO,11
2020-05-25,MIDTOW,3
2020-05-25,NORTH,5
2020-05-25,SOUTH,11
2020-05-25,WEST,3
2020-05-26,CENTRA,3
2020-05-26,EAST,9
2020-05-26,HERMIT,11
2020-05-26,MADISO,7
2020-05-26,MIDTOW,5
2020-05-26,NORTH,7
2020-05-26,SOUTH,6
2020-05-26,WEST,3
2020-05-27,CENTRA,5
2020-05-27,EAST,4
2020-05-27,HERMIT,10
2020-05-27,MADISO,3
2020-05-27,MIDTOW,4
2020-05-27,NORTH,8
2020-05-27,SOUTH,16
2020-05-27,WEST,8
2020-05-28,CENTRA,5
2020-05-28,EAST,4
2020-05-28,HERMIT,8
2020-05-28,MADISO,4
2020-05-28,MIDTOW,7
2020-05-28,NORTH,8
2020-05-28,SOUTH,17
2020-05-28,WEST,7
2020-05-29,CENTRA,5
2020-05-29,EAST,3
2020-05-29,HERMIT,13
2020-05-29,MADISO,4
2020-05-29,MIDTOW,8
2020-05-29,NORTH,12
2020-05-29,SOUTH,14
2020-05-29,WEST,7
2020-05-30,CENTRA,2
2020-05-30,EAST,7
2020-05-30,HERMIT,5
2020-05-30,MADISO,9
2020-05-30,MIDTOW,10
2020-05-30,NORTH,7
2020-05-30,SOUTH,12
2020-05-30,WEST,3
2020-05-31,CENTRA,1
2020-05-31,EAST,4
2020-05-31,HERMIT,6
2020-05-31,MADISO,5
2020-05-31,MIDTOW,6
2020-05-31,NORTH,8
2020-05-31,SOUTH,16
2020-05-31,WEST,5
2020-06-01,CENTRA,5
2020-06-01,EAST,8
2020-06-01,HERMIT,8
2020-06-01,MADISO,9
2020-06-01,MIDTOW,9
2020-06-01,NORTH,4
2020-06-01,SOUTH,12
2020-06-01,WEST,5
2020-06-02,CENTRA,4
2020-06-02,EAST,5
2020-06-02,HERMIT,12
2020-06-02,MADISO,5
2020-06-02,MIDTOW,6
2020-06-02,NORTH,6
2020-06-02,SOUTH,16
2020-06-02,WEST,6
2020-06-03,CENTRA,1
2020-06-03,EAST,5
2020-06-03,HERMIT,7
2020-06-03,MADISO,6
2020-06-03,MIDTOW,5
2020-06-03,NORTH,3
2020-06-03,SOUTH,12
2020-06-03,WEST,3
2020-06-04,CENTRA,6
2020-06-04,EAST,7
2020-06-04,HERMIT,14
2020-06-04,MADISO,5
2020-06-04,MIDTOW,10
2020-06-04,NORTH,9
2020-06-04,SOUTH,18
2020-06-04,WEST,6
2020-06-05,CENTRA,3
2020-06-05,EAST,2
2020-06-05,HERMIT,18
2020-06-05,MADISO,2
2020-06-05,MIDTOW,4
2020-06-05,NORTH,7
2020-06-05,SOUTH,16
2020-06-05,WEST,6
2020-06-06,CENTRA,7
2020-06-06,EAST,7
2020-06-06,HERMIT,13
2020-06-06,MADISO,4
2020-06-06,MIDTOW,4
2020-06-06,NORTH,5
2020-06-06,SOUTH,7
2020-06-06,WEST,2
2020-06-07,CENTRA,1
2020-06-07,EAST,7
2020-06-07,HERMIT,10
2020-06-07,MADISO,4
2020-06-07,MIDTOW,3
2020-06-07,NORTH,8
2020-06-07,SOUTH,12
2020-06-07,WEST,7
2020-06-08,CENTRA,5
2020-06-08,EAST,7
2020-06-08,HERMIT,8
2020-06-08,MADISO,5
2020-06-08,MIDTOW,3
2020-06-08,NORTH,7
2020-06-08,SOUTH,13
2020-06-08,WEST,6
2020-06-09,CENTRA,6
2020-06-09,EAST,5
2020-06-09,HERMIT,11
2020-06-09,MADISO,1
2020-06-09,MIDTOW,2
2020-06-09,NORTH,11
2020-06-09,SOUTH,10
2020-06-09,WEST,5
2020-06-10,CENTRA,2
2020-06-10,EAST,3
2020-06-10,HERMIT,10
2020-06-10,MADISO,7
2020-06-10,MIDTOW,7
2020-06-10,NORTH,2
2020-06-10,SOUTH,9
2020-06-10,WEST,5
2020-06-11,CENTRA,2
2020-06-11,EAST,2
2020-06-11,HERMIT,9
2020-06-11,MADISO,5
2020-06-11,MIDTOW,8
2020-06-11,NORTH,4
2020-06-11,SOUTH,10
2020-06-11,WEST,6
2020-06-12,CENTRA,5
2020-06-12,EAST,6
2020-06-12,HERMIT,6
2020-06-12,MADISO,7
2020-06-12,MIDTOW,5
2020-06-12,NORTH,6
2020-06-12,SOUTH,7
2020-06-12,WEST,3
2020-06-13,CENTRA,2
2020-06-13,EAST,4
2020-06-13,HERMIT,4
2020-06-13,MADISO,2
2020-06-13,MIDTOW,6
2020-06-13,NORTH,3
2020-06-13,SOUTH,8
2020-06-13,WEST,3
2020-06-14,CENTRA,2
2020-06-14,EAST,2
2020-06-14,HERMIT,6
2020-06-14,MADISO,6
2020-06-14,MIDTOW,3
2020-06-14,NORTH,2
2020-06-14,SOUTH,7
2020-06-14,WEST,3
2020-06-15,CENTRA,1
2020-06-15,EAST,3
2020-06-15,HERMIT,4
2020-06-15,MADISO,6
2020-06-15,MIDTOW,5
2020-06-15,NORTH,7
2020-06-15,SOUTH,9
2020-06-15,WEST,6
2020-06-16,CENTRA,2
2020-06-16,EAST,3
2020-06-16,HERMIT,13
2020-06-16,MADISO,3
2020-06-16,MIDTOW,8
2020-06-16,NORTH,5
2020-06-16,SOUTH,7
2020-06-16,WEST,5
2020-06-17,CENTRA,2
2020-06-17,EAST,2
2020-06-17,HERMIT,6
2020-06-17,MADISO,4
2020-06-17,MIDTOW,1
2020-06-17,NORTH,3
2020-06-17,SOUTH,6
2020-06-17,WEST,5
2020-06-18,CENTRA,5
2020-06-18,EAST,3
2020-06-18,HERMIT,12
2020-06-18,MADISO,7
2020-06-18,MIDTOW,3
2020-06-18,NORTH,9
2020-06-18,SOUTH,8
2020-06-18,WEST,11
2020-06-19,CENTRA,7
2020-06-19,EAST,2
2020-06-19,HERMIT,13
2020-06-19,MADISO,3
2020-06-19,MIDTOW,7
2020-06-19,NORTH,10
2020-06-19,SOUTH,5
2020-06-19,WEST,6
2020-06-20,CENTRA,1
2020-06-20,EAST,2
2020-06-20,HERMIT,7
2020-06-20,MADISO,5
2020-06-20,MIDTOW,5
2020-06-20,NORTH,1
2020-06-20,SOUTH,9
2020-06-20,WEST,6
2020-06-21,CENTRA,4
2020-06-21,EAST,4
2020-06-21,HERMIT,6
2020-06-21,MADISO,2
2020-06-21,MIDTOW,3
2020-06-21,NORTH,8
2020-06-21,SOUTH,18
2020-06-21,WEST,2
2020-06-22,CENTRA,6
2020-06-22,EAST,1
2020-06-22,HERMIT,4
2020-06-22,MIDTOW,1
2020-06-22,NORTH,6
2020-06-22,SOUTH,3
2020-06-22,WEST,3
2020-06-23,EAST,2
2020-06-23,HERMIT,7
2020-06-23,MADISO,6
2020-06-23,MIDTOW,6
2020-06-23,NORTH,2
2020-06-23,SOUTH,6
2020-06-23,WEST,6
2020-06-24,CENTRA,2
2020-06-24,EAST,2
2020-06-24,HERMIT,8
2020-06-24,MADISO,2
2020-06-24,MIDTOW,5
2020-06-24,NORTH,2
2020-06-24,SOUTH,9
2020-06-24,WEST,5
2020-06-25,CENTRA,8
2020-06-25,EAST,2
2020-06-25,HERMIT,3
2020-06-25,MADISO,8
2020-06-25,MIDTOW,1
2020-06-25,NORTH,6
2020-06-25,SOUTH,16
2020-06-25,WEST,5
2020-06-26,CENTRA,6
2020-06-26,EAST,7
2020-06-26,HERMIT,10
2020-06-26,MADISO,2
2020-06-26,MIDTOW,3
2020-06-26,NORTH,8
2020-06-26,SOUTH,12
2020-06-26,WEST,5
2020-06-27,CENTRA,5
2020-06-27,EAST,4
2020-06-27,HERMIT,10
2020-06-27,MADISO,7
2020-06-27,MIDTOW,4
2020-06-27,NORTH,5
2020-06-27,SOUTH,5
2020-06-27,WEST,6
2020-06-28,CENTRA,6
2020-06-28,EAST,6
2020-06-28,HERMIT,4
2020-06-28,MADISO,4
2020-06-28,MIDTOW,1
2020-06-28,NORTH,3
2020-06-28,SOUTH,5
2020-06-28,WEST,2
2020-06-29,CENTRA,1
2020-06-29,EAST,6
2020-06-29,MADISO,3
2020-06-29,MIDTOW,12
2020-06-29,NORTH,6
2020-06-29,SOUTH,8
2020-06-29,WEST,5
2020-06-30,CENTRA,1
2020-06-30,EAST,4
2020-06-30,HERMIT,14
2020-06-30,MADISO,9
2020-06-30,MIDTOW,11
2020-06-30,NORTH,5
2020-06-30,SOUTH,10
2020-06-30,WEST,4
2020-07-01,CENTRA,2
2020-07-01,EAST,2
2020-07-01,HERMIT,8
2020-07-01,MADISO,5
2020-07-01,MIDTOW,6
2020-07-01,NORTH,4
2020-07-01,SOUTH,10
2020-07-01,WEST,6
2020-07-02,CENTRA,2
2020-07-02,EAST,4
2020-07-02,HERMIT,8
2020-07-02,MADISO,4
2020-07-02,MIDTOW,7
2020-07-02,NORTH,7
2020-07-02,SOUTH,8
2020-07-02,WEST,6
2020-07-03,CENTRA,1
2020-07-03,EAST,3
2020-07-03,HERMIT,8
2020-07-03,MADISO,7
2020-07-03,MIDTOW,4
2020-07-03,NORTH,6
2020-07-03,SOUTH,9
2020-07-03,WEST,4
2020-07-04,CENTRA,2
2020-07-04,EAST,2
2020-07-04,HERMIT,6
2020-07-04,MADISO,1
2020-07-04,MIDTOW,4
2020-07-04,NORTH,5
2020-07-04,SOUTH,8
2020-07-04,WEST,3
2020-07-05,EAST,5
2020-07-05,HERMIT,4
2020-07-05,MADISO,4
2020-07-05,MIDTOW,1
2020-07-05,NORTH,4
2020-07-05,SOUTH,4
2020-07-05,WEST,4
2020-07-06,CENTRA,6
2020-07-06,EAST,5
2020-07-06,HERMIT,6
2020-07-06,MADISO,3
2020-07-06,MIDTOW,6
2020-07-06,NORTH,7
2020-07-06,SOUTH,5
2020-07-06,WEST,4
2020-07-07,EAST,3
2020-07-07,HERMIT,4
2020-07-07,MADISO,8
2020-07-07,MIDTOW,2
2020-07-07,NORTH,8
2020-07-07,SOUTH,5
2020-07-07,WEST,4
2020-07-08,CENTRA,5
2020-07-08,HERMIT,15
2020-07-08,MADISO,2
2020-07-08,MIDTOW,7
2020-07-08,NORTH,6
2020-07-08,SOUTH,9
2020-07-08,WEST,5
2020-07-09,CENTRA,1
2020-07-09,EAST,2
2020-07-09,HERMIT,7
2020-07-09,MADISO,6
2020-07-09,MIDTOW,8
2020-07-09,NORTH,5
2020-07-09,SOUTH,15
2020-07-09,WEST,8
2020-07-10,CENTRA,9
2020-07-10,EAST,10
2020-07-10,HERMIT,9
2020-07-10,MADISO,5
2020-07-10,MIDTOW,6
2020-07-10,NORTH,6
2020-07-10,SOUTH,7
2020-07-10,WEST,5
2020-07-11,EAST,5
2020-07-11,HERMIT,7
2020-07-11,MADISO,4
2020-07-11,MIDTOW,5
2020-07-11,NORTH,5
2020-07-11,SOUTH,14
2020-07-11,WEST,2
2020-07-12,CENTRA,2
2020-07-12,EAST,7
2020-07-12,HERMIT,8
2020-07-12,MADISO,6
2020-07-12,MIDTOW,3
2020-07-12,NORTH,4
2020-07-12,SOUTH,8
2020-07-12,WEST,5
2020-07-13,CENTRA,2
2020-07-13,EAST,2
2020-07-13,HERMIT,9
2020-07-13,MADISO,6
2020-07-13,MIDTOW,6
2020-07-13,NORTH,5
2020-07-13,SOUTH,8
2020-07-13,WEST,4
2020-07-14,CENTRA,2
2020-07-14,EAST,11
2020-07-14,HERMIT,9
2020-07-14,MADISO,6
2020-07-14,MIDTOW,6
2020-07-14,NORTH,8
2020-07-14,SOUTH,10
2020-07-14,WEST,4
2020-07-15,CENTRA,2
2020-07-15,EAST,7
2020-07-15,HERMIT,2
2020-07-15,MADISO,1
2020-07-15,MIDTOW,6
2020-07-15,NORTH,2
2020-07-15,SOUTH,5
2020-07-15,WEST,6
2020-07-16,CENTRA,3
2020-07-16,EAST,4
2020-07-16,HERMIT,7
2020-07-16,MADISO,1
2020-07-16,MIDTOW,6
2020-07-16,NORTH,1
2020-07-16,SOUTH,7
2020-07-16,WEST,5
2020-07-17,CENTRA,3
2020-07-17,EAST,3
2020-07-17,HERMIT,2
2020-07-17,MADISO,4
2020-07-17,MIDTOW,3
2020-07-17,NORTH,5
2020-07-17,SOUTH,9
2020-07-17,WEST,10
2020-07-18,CENTRA,2
2020-07-18,EAST,5
2020-07-18,HERMIT,6
2020-07-18,MADISO,2
2020-07-18,MIDTOW,5
2020-07-18,NORTH,4
2020-07-18,SOUTH,8
2020-07-18,WEST,1
2020-07-19,CENTRA,1
2020-07-19,EAST,2
2020-07-19,HERMIT,5
2020-07-19,MADISO,2
2020-07-19,MIDTOW,5
2020-07-19,NORTH,5
2020-07-19,SOUTH,5
2020-07-19,WEST,4
2020-07-20,CENTRA,6
2020-07-20,EAST,2
2020-07-20,HERMIT,11
2020-07-20,MADISO,6
2020-07-20,MIDTOW,7
2020-07-20,NORTH,5
2020-07-20,SOUTH,14
2020-07-20,WEST,4
2020-07-21,CENTRA,3
2020-07-21,EAST,1
2020-07-21,HERMIT,5
2020-07-21,MADISO,9
2020-07-21,MIDTOW,4
2020-07-21,NORTH,10
2020-07-21,SOUTH,9
2020-07-21,WEST,4
2020-07-22,CENTRA,1
2020-07-22,EAST,7
2020-07-22,HERMIT,9
2020-07-22,MADISO,5
2020-07-22,MIDTOW,7
2020-07-22,NORTH,7
2020-07-22,SOUTH,14
2020-07-22,WEST,11
2020-07-23,CENTRA,2
2020-07-23,EAST,4
2020-07-23,HERMIT,10
2020-07-23,MADISO,7
2020-07-23,MIDTOW,4
2020-07-23,NORTH,8
2020-07-23,SOUTH,13
2020-07-23,WEST,4
2020-07-24,CENTRA,2
2020-07-24,EAST,7
2020-07-24,HERMIT,6
2020-07-24,MADISO,7
2020-07-24,MIDTOW,5
2020-07-24,NORTH,3
2020-07-24,SOUTH,14
2020-07-24,WEST,12
2020-07-25,CENTRA,3
2020-07-25,EAST,4
2020-07-25,HERMIT,14
2020-07-25,MADISO,4
2020-07-25,MIDTOW,5
2020-07-25,NORTH,7
2020-07-25,SOUTH,7
2020-07-25,WEST,2
2020-07-26,CENTRA,2
2020-07-26,EAST,2
2020-07-26,HERMIT,4
2020-07-26,MADISO,2
2020-07-26,MIDTOW,5
2020-07-26,NORTH,4
2020-07-26,SOUTH,5
2020-07-26,WEST,10
2020-07-27,CENTRA,3
2020-07-27,EAST,4
2020-07-27,HERMIT,9
2020-07-27,MADISO,7
2020-07-27,MIDTOW,6
2020-07-27,NORTH,7
2020-07-27,SOUTH,13
2020-07-27,WEST,7
2020-07-28,CENTRA,5
2020-07-28,EAST,4
2020-07-28,HERMIT,10
2020-07-28,MADISO,8
2020-07-28,MIDTOW,6
2020-07-28,NORTH,7
2020-07-28,SOUTH,13
2020-07-28,WEST,7
2020-07-29,CENTRA,2
2020-07-29,EAST,2
2020-07-29,HERMIT,5
2020-07-29,MADISO,6
2020-07-29,MIDTOW,7
2020-07-29,NORTH,3
2020-07-29,SOUTH,9
2020-07-29,WEST,2
2020-07-30,CENTRA,2
2020-07-30,EAST,9
2020-07-30,HERMIT,8
2020-07-30,MADISO,6
2020-07-30,MIDTOW,7
2020-07-30,NORTH,3
2020-07-30,SOUTH,8
2020-07-30,WEST,6
2020-07-31,CENTRA,3
2020-07-31,EAST,10
2020-07-31,HERMIT,13
2020-07-31,MADISO,6
2020-07-31,MIDTOW,7
2020-07-31,NORTH,5
2020-07-31,SOUTH,9
2020-07-31,WEST,5
2020-08-01,CENTRA,2
2020-08-01,EAST,9
2020-08-01,HERMIT,14
2020-08-01,MADISO,5
2020-08-01,MIDTOW,4
2020-08-01,NORTH,6
2020-08-01,SOUTH,13
2020-08-01,WEST,4
2020-08-02,CENTRA,1
2020-08-02,EAST,3
2020-08-02,HERMIT,6
2020-08-02,MADISO,3
2020-08-02,MIDTOW,3
2020-08-02,NORTH,2
2020-08-02,SOUTH,9
2020-08-02,WEST,2
2020-08-03,CENTRA,6
2020-08-03,EAST,5
2020-08-03,HERMIT,6
2020-08-03,MADISO,1
2020-08-03,MIDTOW,5
2020-08-03,NORTH,9
2020-08-03,SOUTH,10
2020-08-03,WEST,7
2020-08-04,EAST,5
2020-08-04,HERMIT,8
2020-08-04,MIDTOW,5
2020-08-04,NORTH,7
2020-08-04,SOUTH,3
2020-08-04,WEST,3
2020-08-05,CENTRA,2
2020-08-05,EAST,5
2020-08-05,HERMIT,6
2020-08-05,MADISO,2
2020-08-05,MIDTOW,6
2020-08-05,NORTH,5
2020-08-05,SOUTH,6
2020-08-05,WEST,7
2020-08-06,CENTRA,3
2020-08-06,EAST,8
2020-08-06,HERMIT,7
2020-08-06,MADISO,7
2020-08-06,MIDTOW,8
2020-08-06,NORTH,6
2020-08-06,SOUTH,7
2020-08-06,WEST,1
2020-08-07,CENTRA,5
2020-08-07,EAST,10
2020-08-07,HERMIT,11
2020-08-07,MADISO,6
2020-08-07,MIDTOW,8
2020-08-07,NORTH,7
2020-08-07,SOUTH,12
2020-08-07,WEST,6
2020-08-08,CENTRA,6
2020-08-08,EAST,1
2020-08-08,HERMIT,7
2020-08-08,MADISO,6
2020-08-08,MIDTOW,6
2020-08-08,NORTH,5
2020-08-08,SOUTH,10
2020-08-08,WEST,5
2020-08-09,CENTRA,1
2020-08-09,EAST,1
2020-08-09,HERMIT,5
2020-08-09,MADISO,2
2020-08-09,MIDTOW,2
2020-08-09,NORTH,3
2020-08-09,SOUTH,9
2020-08-09,WEST,4
2020-08-10,CENTRA,1
2020-08-10,EAST,5
2020-08-10,HERMIT,7
2020-08-10,MADISO,2
2020-08-10,MIDTOW,5
2020-08-10,NORTH,7
2020-08-10,SOUTH,7
2020-08-10,WEST,8
2020-08-11,CENTRA,3
2020-08-11,EAST,2
2020-08-11,HERMIT,10
2020-08-11,MADISO,8
2020-08-11,MIDTOW,6
2020-08-11,NORTH,6
2020-08-11,SOUTH,16
2020-08-11,WEST,8
2020-08-12,CENTRA,1
2020-08-12,EAST,7
2020-08-12,HERMIT,5
2020-08-12,MADISO,10
2020-08-12,MIDTOW,4
2020-08-12,NORTH,9
2020-08-12,SOUTH,12
2020-08-12,WEST,7
2020-08-13,CENTRA,4
2020-08-13,EAST,1
2020-08-13,HERMIT,9
2020-08-13,MADISO,4
2020-08-13,MIDTOW,4
2020-08-13,NORTH,5
2020-08-13,SOUTH,20
2020-08-13,WEST,2
2020-08-14,CENTRA,3
2020-08-14,EAST,4
2020-08-14,HERMIT,9
2020-08-14,MADISO,6
2020-08-14,MIDTOW,8
2020-08-14,NORTH,6
2020-08-14,SOUTH,16
2020-08-14,WEST,9
2020-08-15,CENTRA,4
2020-08-15,EAST,3
2020-08-15,HERMIT,8
2020-08-15,MADISO,3
2020-08-15,MIDTOW,4
2020-08-15,NORTH,9
2020-08-15,SOUTH,8
2020-08-15,WEST,3
2020-08-16,CENTRA,3
2020-08-16,EAST,1
2020-08-16,HERMIT,9
2020-08-16,MADISO,4
2020-08-16,MIDTOW,4
2020-08-16,NORTH,5
2020-08-16,SOUTH,12
2020-08-16,WEST,2
2020-08-17,CENTRA,3
2020-08-17,EAST,3
2020-08-17,HERMIT,11
2020-08-17,MADISO,4
2020-08-17,MIDTOW,3
2020-08-17,NORTH,7
2020-08-17,SOUTH,11
2020-08-17,WEST,9
2020-08-18,CENTRA,2
2020-08-18,EAST,5
2020-08-18,HERMIT,9
2020-08-18,MADISO,5
2020-08-18,MIDTOW,6
2020-08-18,NORTH,7
2020-08-18,SOUTH,10
2020-08-18,WEST,5
2020-08-19,CENTRA,3
2020-08-19,EAST,1
2020-08-19,HERMIT,6
2020-08-19,MADISO,4
2020-08-19,MIDTOW,7
2020-08-19,NORTH,4
2020-08-19,SOUTH,10
2020-08-19,WEST,9
2020-08-20,CENTRA,3
2020-08-20,EAST,2
2020-08-20,HERMIT,9
2020-08-20,MADISO,5
2020-08-20,MIDTOW,6
2020-08-20,NORTH,3
2020-08-20,SOUTH,8
2020-08-20,WEST,3
2020-08-21,CENTRA,6
2020-08-21,EAST,12
2020-08-21,HERMIT,12
2020-08-21,MADISO,8
2020-08-21,MIDTOW,17
2020-08-21,NORTH,8
2020-08-21,SOUTH,18
2020-08-21,WEST,10
2020-08-22,CENTRA,8
2020-08-22,EAST,4
2020-08-22,HERMIT,5
2020-08-22,MADISO,6
2020-08-22,MIDTOW,7
2020-08-22,NORTH,4
2020-08-22,SOUTH,14
2020-08-22,WEST,4
2020-08-23,CENTRA,1
2020-08-23,EAST,6
2020-08-23,HERMIT,5
2020-08-23,MADISO,6
2020-08-23,MIDTOW,3
2020-08-23,NORTH,5
2020-08-23,SOUTH,10
2020-08-23,WEST,4
2020-08-24,CENTRA,2
2020-08-24,EAST,2
2020-08-24,HERMIT,9
2020-08-24,MADISO,3
2020-08-24,MIDTOW,8
2020-08-24,NORTH,4
2020-08-24,SOUTH,14
2020-08-24,WEST,5
2020-08-25,CENTRA,3
2020-08-25,EAST,3
2020-08-25,HERMIT,6
2020-08-25,MADISO,2
2020-08-25,MIDTOW,7
2020-08-25,NORTH,8
2020-08-25,SOUTH,12
2020-08-25,WEST,6
2020-08-26,CENTRA,3
2020-08-26,EAST,8
2020-08-26,HERMIT,7
2020-08-26,MADISO,4
2020-08-26,MIDTOW,11
2020-08-26,NORTH,7
2020-08-26,SOUTH,8
2020-08-26,WEST,6
2020-08-27,CENTRA,1
2020-08-27,EAST,4
2020-08-27,HERMIT,8
2020-08-27,MADISO,8
2020-08-27,MIDTOW,15
2020-08-27,NORTH,3
2020-08-27,SOUTH,9
2020-08-27,WEST,8
2020-08-28,CENTRA,3
2020-08-28,EAST,3
2020-08-28,HERMIT,13
2020-08-28,MADISO,6
2020-08-28,MIDTOW,7
2020-08-28,NORTH,7
2020-08-28,SOUTH,15
2020-08-28,WEST,8
2020-08-29,CENTRA,2
2020-08-29,EAST,5
2020-08-29,HERMIT,5
2020-08-29,MADISO,4
2020-08-29,MIDTOW,9
2020-08-29,NORTH,2
2020-08-29,SOUTH,8
2020-08-29,WEST,7
2020-08-30,CENTRA,4
2020-08-30,EAST,5
2020-08-30,HERMIT,9
2020-08-30,MADISO,4
2020-08-30,MIDTOW,5
2020-08-30,NORTH,6
2020-08-30,SOUTH,7
2020-08-30,WEST,3
2020-08-31,CENTRA,8
2020-08-31,EAST,5
2020-08-31,HERMIT,11
2020-08-31,MADISO,9
2020-08-31,MIDTOW,6
2020-08-31,NORTH,5
2020-08-31,SOUTH,21
2020-08-31,WEST,8
2020-09-01,CENTRA,5
2020-09-01,EAST,7
2020-09-01,HERMIT,9
2020-09-01,MADISO,5
2020-09-01,MIDTOW,8
2020-09-01,NORTH,5
2020-09-01,SOUTH,6
2020-09-01,WEST,2
2020-09-02,CENTRA,2
2020-09-02,EAST,3
2020-09-02,HERMIT,8
2020-09-02,MADISO,5
2020-09-02,MIDTOW,2
2020-09-02,NORTH,8
2020-09-02,SOUTH,10
2020-09-02,WEST,15
2020-09-03,CENTRA,3
2020-09-03,EAST,4
2020-09-03,HERMIT,5
2020-09-03,MADISO,6
2020-09-03,MIDTOW,4
2020-09-03,NORTH,7
2020-09-03,SOUTH,11
2020-09-03,WEST,8
2020-09-04,CENTRA,5
2020-09-04,EAST,6
2020-09-04,HERMIT,4
2020-09-04,MADISO,5
2020-09-04,MIDTOW,9
2020-09-04,NORTH,4
2020-09-04,SOUTH,20
2020-09-04,WEST,6
2020-09-05,CENTRA,5
2020-09-05,EAST,2
2020-09-05,HERMIT,5
2020-09-05,MADISO,9
2020-09-05,MIDTOW,9
2020-09-05,NORTH,5
2020-09-05,SOUTH,11
2020-09-05,WEST,4
2020-09-06,CENTRA,2
2020-09-06,EAST,3
2020-09-06,HERMIT,5
2020-09-06,NORTH,2
2020-09-06,SOUTH,9
2020-09-06,WEST,3
2020-09-07,CENTRA,1
2020-09-07,EAST,2
2020-09-07,HERMIT,6
2020-09-07,MADISO,3
2020-09-07,MIDTOW,1
2020-09-07,NORTH,5
2020-09-07,SOUTH,5
2020-09-07,WEST,4
2020-09-08,CENTRA,5
2020-09-08,EAST,9
2020-09-08,HERMIT,5
2020-09-08,MADISO,1
2020-09-08,MIDTOW,9
2020-09-08,NORTH,2
2020-09-08,SOUTH,8
2020-09-08,WEST,9
2020-09-09,CENTRA,4
2020-09-09,EAST,4
2020-09-09,HERMIT,11
2020-09-09,MADISO,4
2020-09-09,MIDTOW,5
2020-09-09,NORTH,4
2020-09-09,SOUTH,10
2020-09-09,WEST,4
2020-09-10,EAST,3
2020-09-10,HERMIT,10
2020-09-10,MADISO,3
2020-09-10,MIDTOW,2
2020-09-10,NORTH,8
2020-09-10,SOUTH,16
2020-09-10,WEST,3
2020-09-11,CENTRA,3
2020-09-11,EAST,4
2020-09-11,HERMIT,10
2020-09-11,MADISO,5
2020-09-11,MIDTOW,8
2020-09-11,NORTH,6
2020-09-11,SOUTH,13
2020-09-11,WEST,6
2020-09-12,CENTRA,2
2020-09-12,EAST,4
2020-09-12,HERMIT,8
2020-09-12,MADISO,3
2020-09-12,MIDTOW,1
2020-09-12,NORTH,9
2020-09-12,SOUTH,10
2020-09-12,WEST,10
2020-09-13,CENTRA,5
2020-09-13,EAST,11
2020-09-13,HERMIT,11
2020-09-13,MADISO,7
2020-09-13,MIDTOW,7
2020-09-13,NORTH,9
2020-09-13,SOUTH,20
2020-09-13,WEST,8
2020-09-14,CENTRA,2
2020-09-14,EAST,6
2020-09-14,HERMIT,9
2020-09-14,MADISO,4
2020-09-14,MIDTOW,6
2020-09-14,NORTH,4
2020-09-14,SOUTH,11
2020-09-14,WEST,7
2020-09-15,CENTRA,5
2020-09-15,EAST,3
2020-09-15,HERMIT,9
2020-09-15,MADISO,3
2020-09-15,MIDTOW,8
2020-09-15,NORTH,3
2020-09-15,SOUTH,9
2020-09-15,WEST,4
2020-09-16,CENTRA,1
2020-09-16,EAST,5
2020-09-16,HERMIT,8
2020-09-16,MADISO,2
2020-09-16,MIDTOW,12
2020-09-16,NORTH,10
2020-09-16,SOUTH,13
2020-09-16,WEST,7
2020-09-17,CENTRA,1
2020-09-17,EAST,3
2020-09-17,HERMIT,9
2020-09-17,MADISO,2
2020-09-17,MIDTOW,5
2020-09-17,NORTH,8
2020-09-17,SOUTH,11
2020-09-17,WEST,4
2020-09-18,CENTRA,3
2020-09-18,EAST,6
2020-09-18,HERMIT,6
2020-09-18,MADISO,5
2020-09-18,MIDTOW,7
2020-09-18,NORTH,5
2020-09-18,SOUTH,18
2020-09-18,WEST,9
2020-09-19,CENTRA,3
2020-09-19,EAST,4
2020-09-19,HERMIT,11
2020-09-19,MADISO,6
2020-09-19,MIDTOW,9
2020-09-19,NORTH,5
2020-09-19,SOUTH,13
2020-09-19,WEST,3
2020-09-20,CENTRA,3
2020-09-20,EAST,2
2020-09-20,HERMIT,9
2020-09-20,MADISO,3
2020-09-20,MIDTOW,7
2020-09-20,NORTH,4
2020-09-20,SOUTH,12
2020-09-20,WEST,2
2020-09-21,CENTRA,3
2020-09-21,EAST,4
2020-09-21,HERMIT,8
2020-09-21,MADISO,4
2020-09-21,MIDTOW,7
2020-09-21,NORTH,2
2020-09-21,SOUTH,11
2020-09-21,WEST,5
2020-09-22,CENTRA,3
2020-09-22,EAST,5
2020-09-22,HERMIT,6
2020-09-22,MADISO,1
2020-09-22,MIDTOW,9
2020-09-22,NORTH,6
2020-09-22,SOUTH,9
2020-09-22,WEST,4
2020-09-23,CENTRA,2
2020-09-23,EAST,3
2020-09-23,HERMIT,6
2020-09-23,MADISO,3
2020-09-23,MIDTOW,6
2020-09-23,NORTH,6
2020-09-23,SOUTH,15
2020-09-23,WEST,3
2020-09-24,CENTRA,6
2020-09-24,EAST,7
2020-09-24,HERMIT,7
2020-09-24,MADISO,6
2020-09-24,MIDTOW,4
2020-09-24,NORTH,6
2020-09-24,SOUTH,6
2020-09-24,WEST,4
2020-09-25,CENTRA,8
2020-09-25,EAST,6
2020-09-25,HERMIT,4
2020-09-25,MADISO,7
2020-09-25,MIDTOW,4
2020-09-25,NORTH,11
2020-09-25,SOUTH,14
2020-09-25,WEST,3
2020-09-26,CENTRA,4
2020-09-26,EAST,3
2020-09-26,HERMIT,6
2020-09-26,MADISO,4
2020-09-26,MIDTOW,8
2020-09-26,NORTH,8
2020-09-26,SOUTH,11
2020-09-26,WEST,4
2020-09-27,CENTRA,1
2020-09-27,EAST,2
2020-09-27,HERMIT,7
2020-09-27,MADISO,6
2020-09-27,MIDTOW,6
2020-09-27,NORTH,4
2020-09-27,SOUTH,7
2020-09-27,WEST,4
2020-09-28,CENTRA,4
2020-09-28,EAST,7
2020-09-28,HERMIT,11
2020-09-28,MADISO,3
2020-09-28,MIDTOW,12
2020-09-28,NORTH,4
2020-09-28,SOUTH,11
2020-09-28,WEST,5
2020-09-29,CENTRA,5
2020-09-29,EAST,2
2020-09-29,HERMIT,4
2020-09-29,MADISO,5
2020-09-29,MIDTOW,5
2020-09-29,NORTH,8
2020-09-29,SOUTH,4
2020-09-29,WEST,2
2020-09-30,CENTRA,5
2020-09-30,EAST,4
2020-09-30,HERMIT,9
2020-09-30,MADISO,6
2020-09-30,MIDTOW,9
2020-09-30,NORTH,5
2020-09-30,SOUTH,19
2020-09-30,WEST,10
2020-10-01,CENTRA,4
2020-10-01,EAST,5
2020-10-01,HERMIT,9
2020-10-01,MADISO,6
2020-10-01,MIDTOW,11
2020-10-01,NORTH,7
2020-10-01,SOUTH,12
2020-10-01,WEST,6
2020-10-02,CENTRA,4
2020-10-02,EAST,8
2020-10-02,HERMIT,11
2020-10-02,MADISO,5
2020-10-02,MIDTOW,7
2020-10-02,NORTH,4
2020-10-02,SOUTH,11
2020-10-02,WEST,8
2020-10-03,CENTRA,6
2020-10-03,EAST,2
2020-10-03,HERMIT,7
2020-10-03,MADISO,3
2020-10-03,MIDTOW,2
2020-10-03,NORTH,5
2020-10-03,SOUTH,13
2020-10-03,WEST,7
2020-10-04,CENTRA,4
2020-10-04,EAST,2
2020-10-04,HERMIT,4
2020-10-04,MADISO,2
2020-10-04,MIDTOW,3
2020-10-04,NORTH,3
2020-10-04,SOUTH,7
2020-10-04,WEST,1
2020-10-05,CENTRA,5
2020-10-05,EAST,5
2020-10-05,HERMIT,10
2020-10-05,MADISO,11
2020-10-05,MIDTOW,10
2020-10-05,NORTH,5
2020-10-05,SOUTH,2
2020-10-05,WEST,6
2020-10-06,CENTRA,4
2020-10-06,EAST,3
2020-10-06,HERMIT,7
2020-10-06,MADISO,7
2020-10-06,MIDTOW,5
2020-10-06,NORTH,6
2020-10-06,SOUTH,12
2020-10-06,WEST,6
2020-10-07,CENTRA,4
2020-10-07,EAST,10
2020-10-07,HERMIT,16
2020-10-07,MADISO,5
2020-10-07,MIDTOW,9
2020-10-07,NORTH,5
2020-10-07,SOUTH,6
2020-10-07,WEST,3
2020-10-08,EAST,6
2020-10-08,HERMIT,8
2020-10-08,MADISO,5
2020-10-08,MIDTOW,5
2020-10-08,NORTH,3
2020-10-08,SOUTH,13
2020-10-08,WEST,3
2020-10-09,CENTRA,3
2020-10-09,EAST,8
2020-10-09,HERMIT,5
2020-10-09,MADISO,7
2020-10-09,MIDTOW,1
2020-10-09,NORTH,8
2020-10-09,SOUTH,12
2020-10-09,WEST,8
2020-10-10,CENTRA,7
2020-10-10,EAST,13
2020-10-10,HERMIT,20
2020-10-10,MADISO,8
2020-10-10,MIDTOW,7
2020-10-10,NORTH,14
2020-10-10,SOUTH,21
2020-10-10,WEST,13
2020-10-11,CENTRA,4
2020-10-11,EAST,7
2020-10-11,HERMIT,14
2020-10-11,MADISO,1
2020-10-11,MIDTOW,9
2020-10-11,NORTH,4
2020-10-11,SOUTH,18
2020-10-11,WEST,2
2020-10-12,CENTRA,6
2020-10-12,EAST,6
2020-10-12,HERMIT,8
2020-10-12,MADISO,6
2020-10-12,MIDTOW,6
2020-10-12,NORTH,4
2020-10-12,SOUTH,14
2020-10-12,WEST,3
2020-10-13,CENTRA,6
2020-10-13,EAST,3
2020-10-13,HERMIT,12
2020-10-13,MADISO,3
2020-10-13,MIDTOW,8
2020-10-13,NORTH,6
2020-10-13,SOUTH,9
2020-10-13,WEST,7
2020-10-14,CENTRA,3
2020-10-14,EAST,3
2020-10-14,HERMIT,3
2020-10-14,MADISO,10
2020-10-14,MIDTOW,7
2020-10-14,NORTH,8
2020-10-14,SOUTH,19
2020-10-14,WEST,3
2020-10-15,CENTRA,6
2020-10-15,EAST,5
2020-10-15,HERMIT,11
2020-10-15,MADISO,2
2020-10-15,MIDTOW,9
2020-10-15,NORTH,4
2020-10-15,SOUTH,13
2020-10-15,WEST,8
2020-10-16,CENTRA,4
2020-10-16,EAST,10
2020-10-16,HERMIT,15
2020-10-16,MADISO,5
2020-10-16,MIDTOW,10
2020-10-16,NORTH,7
2020-10-16,SOUTH,18
2020-10-16,WEST,6
2020-10-17,CENTRA,7
2020-10-17,EAST,4
2020-10-17,HERMIT,7
2020-10-17,MADISO,8
2020-10-17,MIDTOW,4
2020-10-17,NORTH,5
2020-10-17,SOUTH,11
2020-10-17,WEST,5
2020-10-18,CENTRA,1
2020-10-18,EAST,3
2020-10-18,HERMIT,7
2020-10-18,MADISO,4
2020-10-18,MIDTOW,3
2020-10-18,NORTH,7
2020-10-18,SOUTH,12
2020-10-18,WEST,4
2020-10-19,CENTRA,3
2020-10-19,EAST,3
2020-10-19,HERMIT,5
2020-10-19,MADISO,3
2020-10-19,MIDTOW,7
2020-10-19,NORTH,11
2020-10-19,SOUTH,13
2020-10-19,WEST,5
2020-10-20,CENTRA,2
2020-10-20,EAST,3
2020-10-20,HERMIT,13
2020-10-20,MADISO,10
2020-10-20,MIDTOW,9
2020-10-20,NORTH,4
2020-10-20,SOUTH,10
2020-10-20,WEST,6
2020-10-21,CENTRA,4
2020-10-21,EAST,3
2020-10-21,HERMIT,6
2020-10-21,MADISO,4
2020-10-21,MIDTOW,6
2020-10-21,NORTH,6
2020-10-21,SOUTH,10
2020-10-21,WEST,9
2020-10-22,CENTRA,5
2020-10-22,EAST,9
2020-10-22,HERMIT,20
2020-10-22,MADISO,6
2020-10-22,MIDTOW,12
2020-10-22,NORTH,14
2020-10-22,SOUTH,12
2020-10-22,WEST,11
2020-10-23,CENTRA,8
2020-10-23,EAST,3
2020-10-23,HERMIT,10
2020-10-23,MADISO,6
2020-10-23,MIDTOW,5
2020-10-23,NORTH,6
2020-10-23,SOUTH,12
2020-10-23,WEST,8
2020-10-24,CENTRA,4
2020-10-24,EAST,6
2020-10-24,HERMIT,4
2020-10-24,MADISO,4
2020-10-24,MIDTOW,5
2020-10-24,NORTH,6
2020-10-24,SOUTH,13
2020-10-24,WEST,7
2020-10-25,CENTRA,3
2020-10-25,EAST,5
2020-10-25,HERMIT,1
2020-10-25,MADISO,3
2020-10-25,MIDTOW,3
2020-10-25,NORTH,1
2020-10-25,SOUTH,7
2020-10-25,WEST,2
2020-10-26,CENTRA,3
2020-10-26,EAST,3
2020-10-26,HERMIT,4
2020-10-26,MADISO,7
2020-10-26,MIDTOW,8
2020-10-26,NORTH,1
2020-10-26,SOUTH,11
2020-10-26,WEST,8
2020-10-27,CENTRA,1
2020-10-27,EAST,4
2020-10-27,HERMIT,12
2020-10-27,MADISO,8
2020-10-27,MIDTOW,9
2020-10-27,NORTH,7
2020-10-27,SOUTH,9
2020-10-27,WEST,9
2020-10-28,CENTRA,6
2020-10-28,EAST,5
2020-10-28,HERMIT,14
2020-10-28,MADISO,11
2020-10-28,MIDTOW,19
2020-10-28,NORTH,8
2020-10-28,SOUTH,20
2020-10-28,WEST,13
2020-10-29,CENTRA,1
2020-10-29,EAST,8
2020-10-29,HERMIT,9
2020-10-29,MADISO,3
2020-10-29,MIDTOW,8
2020-10-29,NORTH,8
2020-10-29,SOUTH,8
2020-10-29,WEST,10
2020-10-30,CENTRA,6
2020-10-30,EAST,3
2020-10-30,HERMIT,7
2020-10-30,MADISO,11
2020-10-30,MIDTOW,11
2020-10-30,NORTH,7
2020-10-30,SOUTH,14
2020-10-30,WEST,9
2020-10-31,CENTRA,7
2020-10-31,EAST,4
2020-10-31,HERMIT,18
2020-10-31,MADISO,7
2020-10-31,MIDTOW,8
2020-10-31,NORTH,5
2020-10-31,SOUTH,17
2020-10-31,WEST,6
2020-11-01,CENTRA,3
2020-11-01,EAST,4
2020-11-01,HERMIT,8
2020-11-01,MADISO,4
2020-11-01,MIDTOW,2
2020-11-01,NORTH,3
2020-11-01,SOUTH,13
2020-11-01,WEST,5
2020-11-02,CENTRA,2
2020-11-02,EAST,6
2020-11-02,HERMIT,5
2020-11-02,MADISO,9
2020-11-02,MIDTOW,2
2020-11-02,NORTH,6
2020-11-02,SOUTH,11
2020-11-02,WEST,6
2020-11-03,CENTRA,4
2020-11-03,EAST,6
2020-11-03,HERMIT,11
2020-11-03,MADISO,5
2020-11-03,MIDTOW,7
2020-11-03,NORTH,5
2020-11-03,SOUTH,12
2020-11-03,WEST,8
2020-11-04,CENTRA,5
2020-11-04,EAST,2
2020-11-04,HERMIT,9
2020-11-04,MADISO,5
2020-11-04,MIDTOW,9
2020-11-04,NORTH,2
2020-11-04,SOUTH,11
2020-11-04,WEST,5
2020-11-05,CENTRA,4
2020-11-05,EAST,6
2020-11-05,HERMIT,7
2020-11-05,MADISO,5
2020-11-05,MIDTOW,10
2020-11-05,NORTH,2
2020-11-05,SOUTH,11
2020-11-05,WEST,10
2020-11-06,CENTRA,4
2020-11-06,EAST,8
2020-11-06,HERMIT,12
2020-11-06,MADISO,4
2020-11-06,MIDTOW,7
2020-11-06,NORTH,9
2020-11-06,SOUTH,17
2020-11-06,WEST,7
2020-11-07,CENTRA,3
2020-11-07,EAST,6
2020-11-07,HERMIT,6
2020-11-07,MADISO,5
2020-11-07,MIDTOW,2
2020-11-07,NORTH,12
2020-11-07,SOUTH,8
2020-11-07,WEST,7
2020-11-08,CENTRA,4
2020-11-08,EAST,2
2020-11-08,HERMIT,5
2020-11-08,MADISO,6
2020-11-08,MIDTOW,3
2020-11-08,NORTH,6
2020-11-08,SOUTH,13
2020-11-08,WEST,4
2020-11-09,CENTRA,3
2020-11-09,EAST,2
2020-11-09,HERMIT,10
2020-11-09,MADISO,4
2020-11-09,MIDTOW,6
2020-11-09,NORTH,5
2020-11-09,SOUTH,12
2020-11-09,WEST,9
2020-11-10,CENTRA,5
2020-11-10,EAST,3
2020-11-10,HERMIT,11
2020-11-10,MADISO,4
2020-11-10,MIDTOW,11
2020-11-10,NORTH,3
2020-11-10,SOUTH,12
2020-11-10,WEST,13
2020-11-11,CENTRA,5
2020-11-11,EAST,5
2020-11-11,HERMIT,6
2020-11-11,MADISO,7
2020-11-11,MIDTOW,11
2020-11-11,NORTH,6
2020-11-11,SOUTH,15
2020-11-11,WEST,3
2020-11-12,CENTRA,4
2020-11-12,EAST,8
2020-11-12,HERMIT,10
2020-11-12,MADISO,6
2020-11-12,MIDTOW,11
2020-11-12,NORTH,8
2020-11-12,SOUTH,13
2020-11-12,WEST,11
2020-11-13,CENTRA,4
2020-11-13,EAST,10
2020-11-13,HERMIT,10
2020-11-13,MADISO,8
2020-11-13,MIDTOW,12
2020-11-13,NORTH,8
2020-11-13,SOUTH,9
2020-11-13,WEST,5
2020-11-14,CENTRA,5
2020-11-14,EAST,2
2020-11-14,HERMIT,9
2020-11-14,MADISO,6
2020-11-14,MIDTOW,4
2020-11-14,NORTH,8
2020-11-14,SOUTH,10
2020-11-14,WEST,4
2020-11-15,CENTRA,2
2020-11-15,EAST,4
2020-11-15,HERMIT,9
2020-11-15,MADISO,5
2020-11-15,MIDTOW,7
2020-11-15,NORTH,9
2020-11-15,SOUTH,6
2020-11-15,WEST,3
2020-11-16,CENTRA,8
2020-11-16,EAST,10
2020-11-16,HERMIT,7
2020-11-16,MADISO,4
2020-11-16,MIDTOW,11
2020-11-16,NORTH,5
2020-11-16,SOUTH,13
2020-11-16,WEST,1
2020-11-17,CENTRA,2
2020-11-17,EAST,2
2020-11-17,HERMIT,10
2020-11-17,MADISO,6
2020-11-17,MIDTOW,8
2020-11-17,NORTH,4
2020-11-17,SOUTH,10
2020-11-17,WEST,7
2020-11-18,CENTRA,3
2020-11-18,EAST,4
2020-11-18,HERMIT,6
2020-11-18,MADISO,7
2020-11-18,MIDTOW,14
2020-11-18,NORTH,2
2020-11-18,SOUTH,13
2020-11-18,WEST,8
2020-11-19,CENTRA,5
2020-11-19,EAST,3
2020-11-19,HERMIT,11
2020-11-19,MADISO,7
2020-11-19,MIDTOW,11
2020-11-19,NORTH,7
2020-11-19,SOUTH,21
2020-11-19,WEST,4
2020-11-20,CENTRA,9
2020-11-20,EAST,8
2020-11-20,HERMIT,12
2020-11-20,MADISO,5
2020-11-20,MIDTOW,5
2020-11-20,NORTH,8
2020-11-20,SOUTH,16
2020-11-20,WEST,11
2020-11-21,CENTRA,6
2020-11-21,EAST,10
2020-11-21,HERMIT,7
2020-11-21,MADISO,5
2020-11-21,MIDTOW,1
2020-11-21,NORTH,9
2020-11-21,SOUTH,11
2020-11-21,WEST,4
2020-11-22,CENTRA,2
2020-11-22,EAST,7
2020-11-22,HERMIT,8
2020-11-22,MADISO,4
2020-11-22,MIDTOW,2
2020-11-22,NORTH,9
2020-11-22,SOUTH,12
2020-11-22,WEST,8
2020-11-23,CENTRA,2
2020-11-23,EAST,3
2020-11-23,HERMIT,6
2020-11-23,MADISO,8
2020-11-23,MIDTOW,7
2020-11-23,NORTH,7
2020-11-23,SOUTH,9
2020-11-23,WEST,3
2020-11-24,CENTRA,2
2020-11-24,EAST,4
2020-11-24,HERMIT,6
2020-11-24,MADISO,6
2020-11-24,MIDTOW,4
2020-11-24,NORTH,6
2020-11-24,SOUTH,12
2020-11-24,WEST,5
2020-11-25,CENTRA,2
2020-11-25,EAST,5
2020-11-25,HERMIT,7
2020-11-25,MADISO,5
2020-11-25,MIDTOW,3
2020-11-25,NORTH,9
2020-11-25,SOUTH,16
2020-11-25,WEST,5
2020-11-26,EAST,4
2020-11-26,HERMIT,2
2020-11-26,MADISO,4
2020-11-26,NORTH,3
2020-11-26,SOUTH,4
2020-11-26,WEST,1
2020-11-27,CENTRA,1
2020-11-27,EAST,1
2020-11-27,HERMIT,6
2020-11-27,MADISO,5
2020-11-27,MIDTOW,3
2020-11-27,NORTH,2
2020-11-27,SOUTH,12
2020-11-27,WEST,3
2020-11-28,CENTRA,4
2020-11-28,EAST,3
2020-11-28,HERMIT,4
2020-11-28,MADISO,6
2020-11-28,MIDTOW,3
2020-11-28,NORTH,7
2020-11-28,SOUTH,9
2020-11-28,WEST,1
2020-11-29,CENTRA,3
2020-11-29,EAST,4
2020-11-29,HERMIT,13
2020-11-29,MADISO,5
2020-11-29,MIDTOW,5
2020-11-29,NORTH,4
2020-11-29,SOUTH,18
2020-11-29,WEST,4
2020-11-30,CENTRA,6
2020-11-30,EAST,5
2020-11-30,HERMIT,17
2020-11-30,MADISO,5
2020-11-30,MIDTOW,10
2020-11-30,NORTH,5
2020-11-30,SOUTH,18
2020-11-30,WEST,6
2020-12-01,CENTRA,5
2020-12-01,EAST,10
2020-12-01,HERMIT,9
2020-12-01,MADISO,2
2020-12-01,MIDTOW,4
2020-12-01,NORTH,6
2020-12-01,SOUTH,15
2020-12-01,WEST,4
2020-12-02,CENTRA,3
2020-12-02,EAST,5
2020-12-02,HERMIT,10
2020-12-02,MADISO,1
2020-12-02,MIDTOW,7
2020-12-02,NORTH,7
2020-12-02,SOUTH,15
2020-12-02,WEST,10
2020-12-03,CENTRA,4
2020-12-03,EAST,4
2020-12-03,HERMIT,6
2020-12-03,MADISO,4
2020-12-03,MIDTOW,10
2020-12-03,NORTH,5
2020-12-03,SOUTH,20
2020-12-03,WEST,7
2020-12-04,CENTRA,6
2020-12-04,EAST,9
2020-12-04,HERMIT,16
2020-12-04,MADISO,3
2020-12-04,MIDTOW,9
2020-12-04,NORTH,6
2020-12-04,SOUTH,18
2020-12-04,WEST,9
2020-12-05,CENTRA,4
2020-12-05,EAST,3
2020-12-05,HERMIT,9
2020-12-05,MADISO,10
2020-12-05,MIDTOW,7
2020-12-05,NORTH,3
2020-12-05,SOUTH,9
2020-12-05,WEST,3
2020-12-06,CENTRA,2
2020-12-06,EAST,2
2020-12-06,HERMIT,11
2020-12-06,MADISO,2
2020-12-06,MIDTOW,6
2020-12-06,NORTH,1
2020-12-06,SOUTH,2
2020-12-06,WEST,2
2020-12-07,CENTRA,1
2020-12-07,EAST,2
2020-12-07,HERMIT,8
2020-12-07,MADISO,3
2020-12-07,MIDTOW,7
2020-12-07,NORTH,6
2020-12-07,SOUTH,9
2020-12-07,WEST,1
2020-12-08,CENTRA,6
2020-12-08,EAST,2
2020-12-08,HERMIT,9
2020-12-08,MADISO,2
2020-12-08,MIDTOW,4
2020-12-08,NORTH,2
2020-12-08,SOUTH,8
2020-12-08,WEST,6
2020-12-09,CENTRA,2
2020-12-09,EAST,1
2020-12-09,HERMIT,10
2020-12-09,MADISO,5
2020-12-09,MIDTOW,12
2020-12-09,NORTH,4
2020-12-09,SOUTH,13
2020-12-09,WEST,4
2020-12-10,CENTRA,2
2020-12-10,EAST,8
2020-12-10,HERMIT,11
2020-12-10,MADISO,3
2020-12-10,MIDTOW,7
2020-12-10,NORTH,3
2020-12-10,SOUTH,9
2020-12-10,WEST,9
2020-12-11,CENTRA,3
2020-12-11,EAST,5
2020-12-11,HERMIT,2
2020-12-11,MADISO,4
2020-12-11,MIDTOW,3
2020-12-11,NORTH,2
2020-12-11,SOUTH,11
2020-12-11,WEST,7
2020-12-12,CENTRA,4
2020-12-12,EAST,4
2020-12-12,HERMIT,9
2020-12-12,MADISO,7
2020-12-12,MIDTOW,3
2020-12-12,NORTH,4
2020-12-12,SOUTH,13
2020-12-12,WEST,2
2020-12-13,CENTRA,2
2020-12-13,EAST,3
2020-12-13,HERMIT,10
2020-12-13,MADISO,4
2020-12-13,MIDTOW,2
2020-12-13,NORTH,2
2020-12-13,SOUTH,12
2020-12-13,WEST,2
2020-12-14,CENTRA,7
2020-12-14,EAST,4
2020-12-14,HERMIT,5
2020-12-14,MADISO,3
2020-12-14,MIDTOW,5
2020-12-14,NORTH,4
2020-12-14,SOUTH,5
2020-12-14,WEST,4
2020-12-15,CENTRA,3
2020-12-15,EAST,2
2020-12-15,HERMIT,8
2020-12-15,MADISO,7
2020-12-15,MIDTOW,5
2020-12-15,NORTH,5
2020-12-15,SOUTH,7
2020-12-15,WEST,3
2020-12-16,CENTRA,6
2020-12-16,EAST,6
2020-12-16,HERMIT,17
2020-12-16,MADISO,8
2020-12-16,MIDTOW,11
2020-12-16,NORTH,3
2020-12-16,SOUTH,21
2020-12-16,WEST,5
2020-12-17,CENTRA,5
2020-12-17,EAST,3
2020-12-17,HERMIT,12
2020-12-17,MADISO,4
2020-12-17,MIDTOW,16
2020-12-17,NORTH,10
2020-12-17,SOUTH,16
2020-12-17,WEST,5
2020-12-18,CENTRA,4
2020-12-18,EAST,4
2020-12-18,HERMIT,12
2020-12-18,MADISO,9
2020-12-18,MIDTOW,8
2020-12-18,NORTH,6
2020-12-18,SOUTH,12
2020-12-18,WEST,5
2020-12-19,CENTRA,1
2020-12-19,EAST,10
2020-12-19,HERMIT,13
2020-12-19,MADISO,10
2020-12-19,MIDTOW,4
2020-12-19,NORTH,3
2020-12-19,SOUTH,8
2020-12-19,WEST,3
2020-12-20,CENTRA,4
2020-12-20,EAST,2
2020-12-20,HERMIT,7
2020-12-20,MADISO,4
2020-12-20,MIDTOW,2
2020-12-20,NORTH,7
2020-12-20,SOUTH,12
2020-12-20,WEST,4
2020-12-21,CENTRA,4
2020-12-21,EAST,6
2020-12-21,HERMIT,9
2020-12-21,MADISO,4
2020-12-21,MIDTOW,11
2020-12-21,NORTH,6
2020-12-21,SOUTH,11
2020-12-21,WEST,5
2020-12-22,CENTRA,6
2020-12-22,EAST,7
2020-12-22,HERMIT,8
2020-12-22,MADISO,6
2020-12-22,MIDTOW,6
2020-12-22,NORTH,5
2020-12-22,SOUTH,8
2020-12-22,WEST,8
2020-12-23,CENTRA,3
2020-12-23,EAST,5
2020-12-23,HERMIT,5
2020-12-23,MADISO,3
2020-12-23,MIDTOW,13
2020-12-23,NORTH,9
2020-12-23,SOUTH,14
2020-12-23,WEST,4
2020-12-24,CENTRA,4
2020-12-24,EAST,9
2020-12-24,HERMIT,17
2020-12-24,MADISO,2
2020-12-24,MIDTOW,3
2020-12-24,NORTH,8
2020-12-24,SOUTH,16
2020-12-24,WEST,5
2020-12-25,CENTRA,2
2020-12-25,HERMIT,11
2020-12-25,MADISO,3
2020-12-25,MIDTOW,2
2020-12-25,NORTH,4
2020-12-25,SOUTH,14
2020-12-25,WEST,4
2020-12-26,CENTRA,1
2020-12-26,EAST,1
2020-12-26,HERMIT,4
2020-12-26,MADISO,2
2020-12-26,MIDTOW,2
2020-12-26,NORTH,4
2020-12-26,SOUTH,9
2020-12-26,WEST,1
2020-12-27,CENTRA,2
2020-12-27,EAST,1
2020-12-27,HERMIT,1
2020-12-27,MADISO,4
2020-12-27,MIDTOW,3
2020-12-27,NORTH,2
2020-12-27,SOUTH,8
2020-12-28,CENTRA,1
2020-12-28,EAST,4
2020-12-28,HERMIT,13
2020-12-28,MADISO,2
2020-12-28,MIDTOW,7
2020-12-28,NORTH,4
2020-12-28,SOUTH,5
2020-12-28,WEST,7
2020-12-29,CENTRA,4
2020-12-29,EAST,3
2020-12-29,HERMIT,10
2020-12-29,MADISO,2
2020-12-29,MIDTOW,2
2020-12-29,NORTH,2
2020-12-29,SOUTH,8
2020-12-29,WEST,5
2020-12-30,CENTRA,3
2020-12-30,EAST,5
2020-12-30,HERMIT,8
2020-12-30,MADISO,5
2020-12-30,MIDTOW,8
2020-12-30,NORTH,8
2020-12-30,SOUTH,13
2020-12-30,WEST,11
2020-12-31,CENTRA,7
2020-12-31,EAST,1
2020-12-31,HERMIT,14
2020-12-31,MADISO,6
2020-12-31,MIDTOW,5
2020-12-31,NORTH,8
2020-12-31,SOUTH,12
2020-12-31,WEST,4
2021-01-01,CENTRA,2
2021-01-01,EAST,4
2021-01-01,HERMIT,12
2021-01-01,MADISO,2
2021-01-01,MIDTOW,5
2021-01-01,NORTH,5
2021-01-01,SOUTH,18
2021-01-01,WEST,5
2021-01-02,CENTRA,3
2021-01-02,EAST,5
2021-01-02,HERMIT,3
2021-01-02,MADISO,2
2021-01-02,MIDTOW,6
2021-01-02,NORTH,5
2021-01-02,SOUTH,6
2021-01-02,WEST,4
2021-01-03,CENTRA,1
2021-01-03,EAST,2
2021-01-03,HERMIT,8
2021-01-03,MIDTOW,2
2021-01-03,NORTH,7
2021-01-03,SOUTH,8
2021-01-03,WEST,2
2021-01-04,EAST,3
2021-01-04,HERMIT,4
2021-01-04,MADISO,5
2021-01-04,MIDTOW,5
2021-01-04,NORTH,13
2021-01-04,SOUTH,11
2021-01-04,WEST,5
2021-01-05,CENTRA,1
2021-01-05,EAST,4
2021-01-05,HERMIT,8
2021-01-05,MADISO,8
2021-01-05,MIDTOW,7
2021-01-05,NORTH,3
2021-01-05,SOUTH,8
2021-01-05,WEST,4
2021-01-06,CENTRA,3
2021-01-06,EAST,1
2021-01-06,HERMIT,3
2021-01-06,MADISO,2
2021-01-06,MIDTOW,13
2021-01-06,NORTH,3
2021-01-06,SOUTH,6
2021-01-06,WEST,3
2021-01-07,CENTRA,2
2021-01-07,EAST,1
2021-01-07,HERMIT,6
2021-01-07,MADISO,6
2021-01-07,MIDTOW,9
2021-01-07,NORTH,4
2021-01-07,SOUTH,10
2021-01-07,WEST,8
2021-01-08,CENTRA,7
2021-01-08,EAST,2
2021-01-08,HERMIT,7
2021-01-08,MADISO,4
2021-01-08,MIDTOW,5
2021-01-08,NORTH,3
2021-01-08,SOUTH,15
2021-01-08,WEST,3
2021-01-09,CENTRA,2
2021-01-09,EAST,2
2021-01-09,HERMIT,3
2021-01-09,MADISO,3
2021-01-09,MIDTOW,8
2021-01-09,NORTH,3
2021-01-09,SOUTH,11
2021-01-09,WEST,7
2021-01-10,CENTRA,1
2021-01-10,EAST,1
2021-01-10,HERMIT,6
2021-01-10,MADISO,2
2021-01-10,MIDTOW,5
2021-01-10,NORTH,4
2021-01-10,SOUTH,7
2021-01-10,WEST,2
2021-01-11,CENTRA,1
2021-01-11,EAST,3
2021-01-11,HERMIT,10
2021-01-11,MADISO,7
2021-01-11,MIDTOW,7
2021-01-11,NORTH,1
2021-01-11,SOUTH,10
2021-01-11,WEST,8
2021-01-12,CENTRA,1
2021-01-12,EAST,7
2021-01-12,HERMIT,9
2021-01-12,MADISO,2
2021-01-12,MIDTOW,5
2021-01-12,NORTH,2
2021-01-12,SOUTH,8
2021-01-12,WEST,7
2021-01-13,CENTRA,5
2021-01-13,EAST,1
2021-01-13,HERMIT,9
2021-01-13,MADISO,1
2021-01-13,MIDTOW,13
2021-01-13,NORTH,11
2021-01-13,SOUTH,10
2021-01-13,WEST,1
2021-01-14,CENTRA,3
2021-01-14,EAST,7
2021-01-14,HERMIT,7
2021-01-14,MADISO,3
2021-01-14,MIDTOW,11
2021-01-14,NORTH,3
2021-01-14,SOUTH,22
2021-01-14,WEST,7
2021-01-15,CENTRA,6
2021-01-15,EAST,6
2021-01-15,HERMIT,8
2021-01-15,MADISO,4
2021-01-15,MIDTOW,7
2021-01-15,NORTH,4
2021-01-15,SOUTH,15
2021-01-15,WEST,6
2021-01-16,CENTRA,3
2021-01-16,EAST,1
2021-01-16,HERMIT,8
2021-01-16,MADISO,7
2021-01-16,MIDTOW,2
2021-01-16,NORTH,8
2021-01-16,SOUTH,11
2021-01-16,WEST,3
2021-01-17,HERMIT,5
2021-01-17,MADISO,6
2021-01-17,MIDTOW,3
2021-01-17,NORTH,4
2021-01-17,SOUTH,7
2021-01-17,WEST,7
2021-01-18,CENTRA,1
2021-01-18,EAST,1
2021-01-18,HERMIT,8
2021-01-18,MADISO,4
2021-01-18,MIDTOW,7
2021-01-18,NORTH,4
2021-01-18,SOUTH,16
2021-01-19,CENTRA,3
2021-01-19,EAST,4
2021-01-19,HERMIT,7
2021-01-19,MADISO,3
2021-01-19,MIDTOW,8
2021-01-19,NORTH,4
2021-01-19,SOUTH,14
2021-01-19,WEST,2
2021-01-20,CENTRA,3
2021-01-20,EAST,5
2021-01-20,HERMIT,6
2021-01-20,MADISO,7
2021-01-20,MIDTOW,7
2021-01-20,NORTH,6
2021-01-20,SOUTH,3
2021-01-20,WEST,7
2021-01-21,CENTRA,4
2021-01-21,EAST,4
2021-01-21,HERMIT,10
2021-01-21,MADISO,7
2021-01-21,MIDTOW,8
2021-01-21,NORTH,6
2021-01-21,SOUTH,16
2021-01-21,WEST,6
2021-01-22,CENTRA,5
2021-01-22,EAST,3
2021-01-22,HERMIT,13
2021-01-22,MADISO,4
2021-01-22,MIDTOW,12
2021-01-22,NORTH,5
2021-01-22,SOUTH,15
2021-01-22,WEST,5
2021-01-23,CENTRA,1
2021-01-23,EAST,3
2021-01-23,HERMIT,5
2021-01-23,MADISO,1
2021-01-23,MIDTOW,9
2021-01-23,NORTH,4
2021-01-23,SOUTH,10
2021-01-23,WEST,4
2021-01-24,CENTRA,1
2021-01-24,EAST,2
2021-01-24,HERMIT,17
2021-01-24,MADISO,10
2021-01-24,MIDTOW,8
2021-01-24,NORTH,2
2021-01-24,SOUTH,8
2021-01-24,WEST,1
2021-01-25,CENTRA,8
2021-01-25,EAST,8
2021-01-25,HERMIT,11
2021-01-25,MADISO,6
2021-01-25,MIDTOW,16
2021-01-25,NORTH,5
2021-01-25,SOUTH,20
2021-01-25,WEST,2
2021-01-26,CENTRA,1
2021-01-26,EAST,8
2021-01-26,HERMIT,11
2021-01-26,MADISO,7
2021-01-26,MIDTOW,7
2021-01-26,NORTH,5
2021-01-26,SOUTH,11
2021-01-26,WEST,5
2021-01-27,CENTRA,2
2021-01-27,EAST,5
2021-01-27,HERMIT,1
2021-01-27,MADISO,4
2021-01-27,MIDTOW,1
2021-01-27,NORTH,11
2021-01-27,SOUTH,5
2021-01-27,WEST,3
2021-01-28,CENTRA,2
2021-01-28,EAST,3
2021-01-28,HERMIT,5
2021-01-28,MADISO,1
2021-01-28,MIDTOW,4
2021-01-28,NORTH,5
2021-01-28,SOUTH,16
2021-01-28,WEST,4
2021-01-29,CENTRA,3
2021-01-29,EAST,4
2021-01-29,HERMIT,7
2021-01-29,MADISO,1
2021-01-29,MIDTOW,9
2021-01-29,NORTH,5
2021-01-29,SOUTH,14
2021-01-29,WEST,6
2021-01-30,CENTRA,4
2021-01-30,EAST,4
2021-01-30,HERMIT,12
2021-01-30,MADISO,3
2021-01-30,MIDTOW,2
2021-01-30,NORTH,9
2021-01-30,SOUTH,18
2021-01-31,CENTRA,2
2021-01-31,EAST,1
2021-01-31,HERMIT,7
2021-01-31,MADISO,1
2021-01-31,MIDTOW,2
2021-01-31,NORTH,6
2021-01-31,SOUTH,10
2021-01-31,WEST,3
2021-02-01,CENTRA,2
2021-02-01,EAST,8
2021-02-01,HERMIT,9
2021-02-01,MADISO,1
2021-02-01,MIDTOW,9
2021-02-01,NORTH,9
2021-02-01,SOUTH,10
2021-02-01,WEST,4
2021-02-02,CENTRA,1
2021-02-02,EAST,2
2021-02-02,HERMIT,5
2021-02-02,MADISO,4
2021-02-02,MIDTOW,7
2021-02-02,NORTH,5
2021-02-02,SOUTH,5
2021-02-02,WEST,7
2021-02-03,CENTRA,5
2021-02-03,EAST,5
2021-02-03,HERMIT,10
2021-02-03,MADISO,2
2021-02-03,MIDTOW,9
2021-02-03,NORTH,6
2021-02-03,SOUTH,19
2021-02-03,WEST,6
2021-02-04,CENTRA,2
2021-02-04,EAST,6
2021-02-04,HERMIT,8
2021-02-04,MADISO,3
2021-02-04,MIDTOW,16
2021-02-04,NORTH,4
2021-02-04,SOUTH,12
2021-02-04,WEST,8
2021-02-05,CENTRA,5
2021-02-05,EAST,9
2021-02-05,HERMIT,6
2021-02-05,MADISO,8
2021-02-05,MIDTOW,9
2021-02-05,NORTH,9
2021-02-05,SOUTH,18
2021-02-05,WEST,6
2021-02-06,CENTRA,1
2021-02-06,EAST,7
2021-02-06,HERMIT,9
2021-02-06,MADISO,5
2021-02-06,MIDTOW,4
2021-02-06,NORTH,5
2021-02-06,SOUTH,15
2021-02-06,WEST,2
2021-02-07,CENTRA,1
2021-02-07,EAST,7
2021-02-07,HERMIT,12
2021-02-07,MIDTOW,4
2021-02-07,NORTH,3
2021-02-07,SOUTH,13
2021-02-07,WEST,2
2021-02-08,CENTRA,3
2021-02-08,EAST,3
2021-02-08,HERMIT,8
2021-02-08,MADISO,3
2021-02-08,MIDTOW,9
2021-02-08,NORTH,1
2021-02-08,SOUTH,15
2021-02-08,WEST,4
2021-02-09,CENTRA,3
2021-02-09,EAST,3
2021-02-09,HERMIT,6
2021-02-09,MADISO,3
2021-02-09,MIDTOW,6
2021-02-09,NORTH,4
2021-02-09,SOUTH,10
2021-02-09,WEST,2
2021-02-10,CENTRA,2
2021-02-10,EAST,2
2021-02-10,HERMIT,8
2021-02-10,MADISO,1
2021-02-10,MIDTOW,6
2021-02-10,NORTH,9
2021-02-10,SOUTH,5
2021-02-10,WEST,4
2021-02-11,CENTRA,4
2021-02-11,EAST,7
2021-02-11,HERMIT,10
2021-02-11,MADISO,7
2021-02-11,MIDTOW,4
2021-02-11,NORTH,10
2021-02-11,SOUTH,14
2021-02-11,WEST,7
2021-02-12,CENTRA,5
2021-02-12,EAST,6
2021-02-12,HERMIT,6
2021-02-12,MADISO,3
2021-02-12,MIDTOW,18
2021-02-12,NORTH,4
2021-02-12,SOUTH,10
2021-02-12,WEST,9
2021-02-13,CENTRA,3
2021-02-13,EAST,2
2021-02-13,HERMIT,7
2021-02-13,MADISO,5
2021-02-13,MIDTOW,7
2021-02-13,NORTH,3
2021-02-13,SOUTH,10
2021-02-13,WEST,4
2021-02-14,CENTRA,7
2021-02-14,EAST,9
2021-02-14,HERMIT,34
2021-02-14,MADISO,12
2021-02-14,MIDTOW,26
2021-02-14,NORTH,20
2021-02-14,SOUTH,62
2021-02-14,WEST,18
2021-02-15,CENTRA,1
2021-02-15,EAST,1
2021-02-15,HERMIT,3
2021-02-15,MADISO,3
2021-02-15,NORTH,1
2021-02-15,SOUTH,6
2021-02-15,WEST,1
2021-02-16,EAST,2
2021-02-16,HERMIT,4
2021-02-16,MADISO,2
2021-02-16,MIDTOW,7
2021-02-16,NORTH,2
2021-02-16,SOUTH,4
2021-02-16,WEST,2
2021-02-17,CENTRA,3
2021-02-17,EAST,1
2021-02-17,HERMIT,4
2021-02-17,MADISO,4
2021-02-17,MIDTOW,3
2021-02-17,NORTH,1
2021-02-17,SOUTH,12
2021-02-17,WEST,1
2021-02-18,CENTRA,1
2021-02-18,EAST,4
2021-02-18,HERMIT,5
2021-02-18,MADISO,2
2021-02-18,MIDTOW,1
2021-02-18,NORTH,6
2021-02-18,SOUTH,11
2021-02-18,WEST,4
2021-02-19,HERMIT,4
2021-02-19,MADISO,6
2021-02-19,MIDTOW,5
2021-02-19,NORTH,3
2021-02-19,SOUTH,21
2021-02-19,WEST,4
2021-02-20,CENTRA,3
2021-02-20,EAST,4
2021-02-20,HERMIT,3
2021-02-20,MADISO,6
2021-02-20,MIDTOW,6
2021-02-20,NORTH,7
2021-02-20,SOUTH,12
2021-02-20,WEST,5
2021-02-21,CENTRA,3
2021-02-21,HERMIT,6
2021-02-21,MADISO,3
2021-02-21,MIDTOW,3
2021-02-21,NORTH,6
2021-02-21,SOUTH,7
2021-02-21,WEST,3
2021-02-22,CENTRA,2
2021-02-22,EAST,2
2021-02-22,HERMIT,8
2021-02-22,MADISO,6
2021-02-22,MIDTOW,4
2021-02-22,NORTH,4
2021-02-22,SOUTH,18
2021-02-22,WEST,6
2021-02-23,CENTRA,5
2021-02-23,EAST,4
2021-02-23,HERMIT,18
2021-02-23,MADISO,7
2021-02-23,MIDTOW,3
2021-02-23,NORTH,9
2021-02-23,SOUTH,8
2021-02-23,WEST,9
2021-02-24,CENTRA,8
2021-02-24,EAST,4
2021-02-24,HERMIT,4
2021-02-24,MADISO,4
2021-02-24,MIDTOW,6
2021-02-24,NORTH,6
2021-02-24,SOUTH,11
2021-02-24,WEST,9
2021-02-25,CENTRA,3
2021-02-25,EAST,2
2021-02-25,HERMIT,10
2021-02-25,MADISO,5
2021-02-25,MIDTOW,12
2021-02-25,NORTH,7
2021-02-25,SOUTH,9
2021-02-25,WEST,6
2021-02-26,CENTRA,2
2021-02-26,EAST,7
2021-02-26,HERMIT,13
2021-02-26,MADISO,3
2021-02-26,MIDTOW,7
2021-02-26,NORTH,3
2021-02-26,SOUTH,17
2021-02-26,WEST,4
2021-02-27,CENTRA,7
2021-02-27,EAST,3
2021-02-27,HERMIT,10
2021-02-27,MADISO,2
2021-02-27,MIDTOW,12
2021-02-27,NORTH,6
2021-02-27,SOUTH,11
2021-02-27,WEST,11
2021-02-28,CENTRA,4
2021-02-28,EAST,3
2021-02-28,HERMIT,15
2021-02-28,MADISO,4
2021-02-28,MIDTOW,5
2021-02-28,NORTH,2
2021-02-28,SOUTH,9
2021-02-28,WEST,6
2021-03-01,CENTRA,5
2021-03-01,EAST,3
2021-03-01,HERMIT,7
2021-03-01,MADISO,6
2021-03-01,MIDTOW,12
2021-03-01,NORTH,6
2021-03-01,SOUTH,10
2021-03-01,WEST,4
2021-03-02,CENTRA,1
2021-03-02,EAST,2
2021-03-02,HERMIT,7
2021-03-02,MADISO,3
2021-03-02,MIDTOW,8
2021-03-02,NORTH,6
2021-03-02,SOUTH,11
2021-03-02,WEST,3
2021-03-03,CENTRA,1
2021-03-03,EAST,5
2021-03-03,HERMIT,8
2021-03-03,MADISO,2
2021-03-03,MIDTOW,6
2021-03-03,NORTH,9
2021-03-03,SOUTH,20
2021-03-03,WEST,8
2021-03-04,CENTRA,1
2021-03-04,EAST,4
2021-03-04,HERMIT,9
2021-03-04,MADISO,6
2021-03-04,MIDTOW,10
2021-03-04,NORTH,3
2021-03-04,SOUTH,14
2021-03-04,WEST,5
2021-03-05,CENTRA,3
2021-03-05,HERMIT,12
2021-03-05,MADISO,4
2021-03-05,MIDTOW,7
2021-03-05,NORTH,11
2021-03-05,SOUTH,13
2021-03-05,WEST,5
2021-03-06,CENTRA,1
2021-03-06,EAST,3
2021-03-06,HERMIT,9
2021-03-06,MADISO,2
2021-03-06,MIDTOW,6
2021-03-06,NORTH,6
2021-03-06,SOUTH,13
2021-03-06,WEST,6
2021-03-07,CENTRA,4
2021-03-07,EAST,3
2021-03-07,HERMIT,2
2021-03-07,MADISO,4
2021-03-07,MIDTOW,6
2021-03-07,NORTH,3
2021-03-07,SOUTH,7
2021-03-07,WEST,5
2021-03-08,CENTRA,6
2021-03-08,EAST,5
2021-03-08,HERMIT,7
2021-03-08,MADISO,11
2021-03-08,MIDTOW,7
2021-03-08,NORTH,8
2021-03-08,SOUTH,8
2021-03-08,WEST,5
2021-03-09,CENTRA,6
2021-03-09,EAST,7
2021-03-09,HERMIT,3
2021-03-09,MADISO,1
2021-03-09,MIDTOW,5
2021-03-09,NORTH,4
2021-03-09,SOUTH,8
2021-03-09,WEST,4
2021-03-10,CENTRA,3
2021-03-10,EAST,4
2021-03-10,HERMIT,10
2021-03-10,MADISO,4
2021-03-10,MIDTOW,2
2021-03-10,NORTH,8
2021-03-10,SOUTH,11
2021-03-10,WEST,12
2021-03-11,EAST,3
2021-03-11,HERMIT,4
2021-03-11,MADISO,2
2021-03-11,MIDTOW,7
2021-03-11,NORTH,3
2021-03-11,SOUTH,9
2021-03-11,WEST,7
2021-03-12,CENTRA,8
2021-03-12,EAST,5
2021-03-12,HERMIT,16
2021-03-12,MADISO,10
2021-03-12,MIDTOW,13
2021-03-12,NORTH,10
2021-03-12,SOUTH,16
2021-03-12,WEST,6
2021-03-13,CENTRA,6
2021-03-13,EAST,4
2021-03-13,HERMIT,8
2021-03-13,MADISO,5
2021-03-13,MIDTOW,3
2021-03-13,NORTH,8
2021-03-13,SOUTH,12
2021-03-14,CENTRA,5
2021-03-14,EAST,1
2021-03-14,HERMIT,6
2021-03-14,MADISO,6
2021-03-14,MIDTOW,1
2021-03-14,NORTH,1
2021-03-14,SOUTH,7
2021-03-14,WEST,2
2021-03-15,CENTRA,3
2021-03-15,EAST,5
2021-03-15,HERMIT,6
2021-03-15,MADISO,4
2021-03-15,MIDTOW,7
2021-03-15,NORTH,8
2021-03-15,SOUTH,5
2021-03-15,WEST,7
2021-03-16,CENTRA,3
2021-03-16,EAST,4
2021-03-16,HERMIT,9
2021-03-16,MADISO,5
2021-03-16,MIDTOW,7
2021-03-16,NORTH,2
2021-03-16,SOUTH,7
2021-03-16,WEST,4
2021-03-17,CENTRA,5
2021-03-17,EAST,5
2021-03-17,HERMIT,9
2021-03-17,MADISO,5
2021-03-17,MIDTOW,6
2021-03-17,NORTH,11
2021-03-17,SOUTH,10
2021-03-17,WEST,8
2021-03-18,CENTRA,4
2021-03-18,EAST,1
2021-03-18,HERMIT,9
2021-03-18,MADISO,3
2021-03-18,MIDTOW,4
2021-03-18,NORTH,7
2021-03-18,SOUTH,18
2021-03-18,WEST,5
2021-03-19,CENTRA,8
2021-03-19,EAST,6
2021-03-19,HERMIT,9
2021-03-19,MADISO,2
2021-03-19,MIDTOW,5
2021-03-19,NORTH,10
2021-03-19,SOUTH,10
2021-03-19,WEST,8
2021-03-20,CENTRA,5
2021-03-20,EAST,4
2021-03-20,HERMIT,8
2021-03-20,MADISO,4
2021-03-20,MIDTOW,4
2021-03-20,NORTH,8
2021-03-20,SOUTH,12
2021-03-20,WEST,3
2021-03-21,CENTRA,2
2021-03-21,EAST,3
2021-03-21,HERMIT,5
2021-03-21,MADISO,3
2021-03-21,NORTH,6
2021-03-21,SOUTH,15
2021-03-22,CENTRA,1
2021-03-22,EAST,3
2021-03-22,HERMIT,7
2021-03-22,MADISO,1
2021-03-22,MIDTOW,3
2021-03-22,NORTH,5
2021-03-22,SOUTH,10
2021-03-22,WEST,8
2021-03-23,CENTRA,6
2021-03-23,EAST,2
2021-03-23,HERMIT,7
2021-03-23,MADISO,7
2021-03-23,MIDTOW,7
2021-03-23,NORTH,4
2021-03-23,SOUTH,11
2021-03-23,WEST,3
2021-03-24,CENTRA,4
2021-03-24,EAST,2
2021-03-24,HERMIT,11
2021-03-24,MADISO,3
2021-03-24,MIDTOW,6
2021-03-24,NORTH,7
2021-03-24,SOUTH,15
2021-03-24,WEST,7
2021-03-25,CENTRA,5
2021-03-25,EAST,6
2021-03-25,HERMIT,13
2021-03-25,MADISO,6
2021-03-25,MIDTOW,7
2021-03-25,NORTH,7
2021-03-25,SOUTH,18
2021-03-25,WEST,6
2021-03-26,CENTRA,6
2021-03-26,EAST,4
2021-03-26,HERMIT,13
2021-03-26,MADISO,6
2021-03-26,MIDTOW,8
2021-03-26,NORTH,7
2021-03-26,SOUTH,19
2021-03-26,WEST,10
2021-03-27,CENTRA,7
2021-03-27,EAST,5
2021-03-27,HERMIT,5
2021-03-27,MADISO,3
2021-03-27,MIDTOW,13
2021-03-27,NORTH,2
2021-03-27,SOUTH,13
2021-03-27,WEST,10
2021-03-28,CENTRA,5
2021-03-28,EAST,6
2021-03-28,HERMIT,10
2021-03-28,MADISO,2
2021-03-28,MIDTOW,10
2021-03-28,NORTH,6
2021-03-28,SOUTH,11
2021-03-28,WEST,5
2021-03-29,CENTRA,3
2021-03-29,EAST,3
2021-03-29,HERMIT,7
2021-03-29,MADISO,7
2021-03-29,MIDTOW,5
2021-03-29,NORTH,3
2021-03-29,SOUTH,15
2021-03-29,WEST,6
2021-03-30,CENTRA,4
2021-03-30,HERMIT,7
2021-03-30,MADISO,2
2021-03-30,MIDTOW,13
2021-03-30,NORTH,3
2021-03-30,SOUTH,15
2021-03-30,WEST,5
2021-03-31,CENTRA,4
2021-03-31,EAST,3
2021-03-31,HERMIT,8
2021-03-31,MADISO,6
2021-03-31,MIDTOW,10
2021-03-31,NORTH,3
2021-03-31,SOUTH,9
2021-03-31,WEST,3
2021-04-01,CENTRA,9
2021-04-01,EAST,4
2021-04-01,HERMIT,19
2021-04-01,MADISO,11
2021-04-01,MIDTOW,11
2021-04-01,NORTH,8
2021-04-01,SOUTH,20
2021-04-01,WEST,13
2021-04-02,CENTRA,9
2021-04-02,EAST,4
2021-04-02,HERMIT,12
2021-04-02,MADISO,7
2021-04-02,MIDTOW,8
2021-04-02,NORTH,7
2021-04-02,SOUTH,12
2021-04-02,WEST,4
2021-04-03,CENTRA,6
2021-04-03,EAST,4
2021-04-03,HERMIT,15
2021-04-03,MADISO,10
2021-04-03,MIDTOW,3
2021-04-03,NORTH,5
2021-04-03,SOUTH,16
2021-04-03,WEST,8
2021-04-04,CENTRA,1
2021-04-04,EAST,5
2021-04-04,HERMIT,9
2021-04-04,MADISO,5
2021-04-04,MIDTOW,6
2021-04-04,NORTH,2
2021-04-04,SOUTH,17
2021-04-04,WEST,1
2021-04-05,CENTRA,1
2021-04-05,EAST,7
2021-04-05,HERMIT,8
2021-04-05,MADISO,6
2021-04-05,MIDTOW,5
2021-04-05,NORTH,3
2021-04-05,SOUTH,10
2021-04-05,WEST,8
2021-04-06,CENTRA,6
2021-04-06,EAST,3
2021-04-06,HERMIT,7
2021-04-06,MADISO,6
2021-04-06,MIDTOW,10
2021-04-06,NORTH,4
2021-04-06,SOUTH,14
2021-04-06,WEST,5
2021-04-07,CENTRA,6
2021-04-07,EAST,5
2021-04-07,HERMIT,14
2021-04-07,MADISO,6
2021-04-07,MIDTOW,16
2021-04-07,NORTH,4
2021-04-07,SOUTH,16
2021-04-07,WEST,3
2021-04-08,CENTRA,2
2021-04-08,EAST,2
2021-04-08,HERMIT,10
2021-04-08,MADISO,5
2021-04-08,MIDTOW,6
2021-04-08,NORTH,3
2021-04-08,SOUTH,12
2021-04-08,WEST,8
2021-04-09,CENTRA,6
2021-04-09,EAST,5
2021-04-09,HERMIT,10
2021-04-09,MADISO,5
2021-04-09,MIDTOW,5
2021-04-09,NORTH,6
2021-04-09,SOUTH,17
2021-04-09,WEST,3
2021-04-10,CENTRA,5
2021-04-10,EAST,5
2021-04-10,HERMIT,8
2021-04-10,MADISO,4
2021-04-10,MIDTOW,7
2021-04-10,NORTH,6
2021-04-10,SOUTH,9
2021-04-10,WEST,3
2021-04-11,CENTRA,6
2021-04-11,EAST,3
2021-04-11,HERMIT,16
2021-04-11,MADISO,3
2021-04-11,MIDTOW,4
2021-04-11,NORTH,3
2021-04-11,SOUTH,11
2021-04-11,WEST,5
2021-04-12,CENTRA,1
2021-04-12,EAST,2
2021-04-12,HERMIT,5
2021-04-12,MADISO,5
2021-04-12,NORTH,3
2021-04-12,SOUTH,8
2021-04-12,WEST,3
2021-04-13,EAST,2
2021-04-13,HERMIT,4
2021-04-13,MADISO,2
2021-04-13,MIDTOW,6
2021-04-13,NORTH,2
2021-04-13,SOUTH,11
2021-04-13,WEST,3
2021-04-14,CENTRA,2
2021-04-14,EAST,2
2021-04-14,HERMIT,3
2021-04-14,MADISO,3
2021-04-14,MIDTOW,5
2021-04-14,NORTH,2
2021-04-14,SOUTH,8
2021-04-14,WEST,1
2021-04-15,CENTRA,6
2021-04-15,EAST,4
2021-04-15,HERMIT,6
2021-04-15,MADISO,1
2021-04-15,NORTH,5
2021-04-15,SOUTH,10
2021-04-15,WEST,7
2021-04-16,CENTRA,2
2021-04-16,EAST,5
2021-04-16,HERMIT,4
2021-04-16,MADISO,4
2021-04-16,MIDTOW,4
2021-04-16,NORTH,3
2021-04-16,SOUTH,11
2021-04-16,WEST,1
2021-04-17,CENTRA,4
2021-04-17,EAST,3
2021-04-17,HERMIT,5
2021-04-17,MADISO,7
2021-04-17,MIDTOW,5
2021-04-17,NORTH,7
2021-04-17,SOUTH,12
2021-04-17,WEST,1
2021-04-18,CENTRA,5
2021-04-18,EAST,1
2021-04-18,HERMIT,3
2021-04-18,MADISO,3
2021-04-18,MIDTOW,6
2021-04-18,NORTH,5
2021-04-18,SOUTH,9
2021-04-18,WEST,3
2021-04-19,CENTRA,2
2021-04-19,EAST,1
2021-04-19,HERMIT,7
2021-04-19,MADISO,8
2021-04-19,MIDTOW,4
2021-04-19,NORTH,5
2021-04-19,SOUTH,9
2021-04-19,WEST,1
2021-04-20,CENTRA,3
2021-04-20,EAST,4
2021-04-20,HERMIT,5
2021-04-20,MADISO,2
2021-04-20,MIDTOW,7
2021-04-20,NORTH,5
2021-04-20,SOUTH,5
2021-04-20,WEST,3
2021-04-21,CENTRA,1
2021-04-21,EAST,6
2021-04-21,HERMIT,4
2021-04-21,MADISO,5
2021-04-21,MIDTOW,10
2021-04-21,NORTH,6
2021-04-21,SOUTH,10
2021-04-21,WEST,3
2021-04-22,CENTRA,4
2021-04-22,EAST,4
2021-04-22,HERMIT,13
2021-04-22,MIDTOW,11
2021-04-22,NORTH,8
2021-04-22,SOUTH,13
2021-04-22,WEST,5
2021-04-23,CENTRA,3
2021-04-23,EAST,10
2021-04-23,HERMIT,10
2021-04-23,MADISO,11
2021-04-23,MIDTOW,7
2021-04-23,NORTH,6
2021-04-23,SOUTH,13
2021-04-23,WEST,6
2021-04-24,CENTRA,4
2021-04-24,EAST,9
2021-04-24,HERMIT,18
2021-04-24,MADISO,11
2021-04-24,MIDTOW,14
2021-04-24,NORTH,10
2021-04-24,SOUTH,9
2021-04-24,WEST,6
2021-04-25,CENTRA,1
2021-04-25,EAST,6
2021-04-25,HERMIT,14
2021-04-25,MIDTOW,7
2021-04-25,NORTH,4
2021-04-25,SOUTH,6
2021-04-25,WEST,3
2021-04-26,CENTRA,1
2021-04-26,EAST,6
2021-04-26,HERMIT,13
2021-04-26,MADISO,4
2021-04-26,MIDTOW,4
2021-04-26,NORTH,3
2021-04-26,SOUTH,12
2021-04-26,WEST,6
2021-04-27,CENTRA,6
2021-04-27,EAST,4
2021-04-27,HERMIT,5
2021-04-27,MADISO,10
2021-04-27,MIDTOW,3
2021-04-27,NORTH,8
2021-04-27,SOUTH,19
2021-04-27,WEST,5
2021-04-28,CENTRA,3
2021-04-28,EAST,5
2021-04-28,HERMIT,10
2021-04-28,MADISO,4
2021-04-28,MIDTOW,10
2021-04-28,NORTH,8
2021-04-28,SOUTH,17
2021-04-28,WEST,6
2021-04-29,CENTRA,6
2021-04-29,EAST,10
2021-04-29,HERMIT,9
2021-04-29,MADISO,6
2021-04-29,MIDTOW,11
2021-04-29,NORTH,7
2021-04-29,SOUTH,15
2021-04-29,WEST,4
2021-04-30,CENTRA,5
2021-04-30,EAST,6
2021-04-30,HERMIT,12
2021-04-30,MADISO,7
2021-04-30,MIDTOW,11
2021-04-30,NORTH,9
2021-04-30,SOUTH,13
2021-04-30,WEST,9
2021-05-01,CENTRA,6
2021-05-01,EAST,3
2021-05-01,HERMIT,8
2021-05-01,MADISO,3
2021-05-01,MIDTOW,9
2021-05-01,NORTH,6
2021-05-01,SOUTH,11
2021-05-01,WEST,3
2021-05-02,CENTRA,4
2021-05-02,EAST,2
2021-05-02,HERMIT,8
2021-05-02,MADISO,1
2021-05-02,MIDTOW,6
2021-05-02,NORTH,2
2021-05-02,SOUTH,12
2021-05-02,WEST,1
2021-05-03,CENTRA,6
2021-05-03,EAST,5
2021-05-03,HERMIT,12
2021-05-03,MADISO,3
2021-05-03,MIDTOW,6
2021-05-03,NORTH,4
2021-05-03,SOUTH,12
2021-05-03,WEST,1
2021-05-04,CENTRA,4
2021-05-04,EAST,10
2021-05-04,HERMIT,6
2021-05-04,MADISO,6
2021-05-04,MIDTOW,7
2021-05-04,NORTH,3
2021-05-04,SOUTH,12
2021-05-04,WEST,6
2021-05-05,CENTRA,5
2021-05-05,EAST,12
2021-05-05,HERMIT,10
2021-05-05,MADISO,6
2021-05-05,MIDTOW,5
2021-05-05,NORTH,5
2021-05-05,SOUTH,15
2021-05-05,WEST,3
2021-05-06,CENTRA,4
2021-05-06,EAST,5
2021-05-06,HERMIT,12
2021-05-06,MADISO,4
2021-05-06,MIDTOW,6
2021-05-06,NORTH,4
2021-05-06,SOUTH,15
2021-05-06,WEST,3
2021-05-07,CENTRA,4
2021-05-07,EAST,5
2021-05-07,HERMIT,11
2021-05-07,MADISO,2
2021-05-07,MIDTOW,10
2021-05-07,NORTH,8
2021-05-07,SOUTH,12
2021-05-07,WEST,8
2021-05-08,CENTRA,2
2021-05-08,HERMIT,8
2021-05-08,MADISO,7
2021-05-08,MIDTOW,3
2021-05-08,NORTH,4
2021-05-08,SOUTH,12
2021-05-08,WEST,6
2021-05-09,CENTRA,6
2021-05-09,EAST,3
2021-05-09,HERMIT,7
2021-05-09,MADISO,8
2021-05-09,MIDTOW,3
2021-05-09,NORTH,6
2021-05-09,SOUTH,12
2021-05-09,WEST,4
2021-05-10,CENTRA,1
2021-05-10,EAST,3
2021-05-10,HERMIT,6
2021-05-10,MADISO,3
2021-05-10,MIDTOW,7
2021-05-10,NORTH,6
2021-05-10,SOUTH,15
2021-05-10,WEST,3
2021-05-11,CENTRA,3
2021-05-11,EAST,4
2021-05-11,HERMIT,4
2021-05-11,MADISO,4
2021-05-11,MIDTOW,7
2021-05-11,NORTH,5
2021-05-11,SOUTH,10
2021-05-11,WEST,3
2021-05-12,CENTRA,5
2021-05-12,EAST,7
2021-05-12,HERMIT,5
2021-05-12,MADISO,5
2021-05-12,MIDTOW,7
2021-05-12,NORTH,6
2021-05-12,SOUTH,7
2021-05-12,WEST,5
2021-05-13,CENTRA,4
2021-05-13,EAST,11
2021-05-13,HERMIT,12
2021-05-13,MADISO,8
2021-05-13,MIDTOW,6
2021-05-13,NORTH,4
2021-05-13,SOUTH,17
2021-05-13,WEST,1
2021-05-14,CENTRA,11
2021-05-14,EAST,4
2021-05-14,HERMIT,14
2021-05-14,MADISO,5
2021-05-14,MIDTOW,11
2021-05-14,NORTH,5
2021-05-14,SOUTH,10
2021-05-14,WEST,2
2021-05-15,CENTRA,5
2021-05-15,EAST,4
2021-05-15,HERMIT,7
2021-05-15,MADISO,8
2021-05-15,MIDTOW,5
2021-05-15,NORTH,6
2021-05-15,SOUTH,19
2021-05-15,WEST,9
2021-05-16,CENTRA,1
2021-05-16,EAST,3
2021-05-16,HERMIT,8
2021-05-16,MADISO,4
2021-05-16,MIDTOW,7
2021-05-16,NORTH,4
2021-05-16,SOUTH,18
2021-05-16,WEST,4
2021-05-17,CENTRA,1
2021-05-17,EAST,1
2021-05-17,HERMIT,4
2021-05-17,MADISO,1
2021-05-17,MIDTOW,7
2021-05-17,NORTH,4
2021-05-17,SOUTH,14
2021-05-17,WEST,4
2021-05-18,CENTRA,6
2021-05-18,EAST,7
2021-05-18,HERMIT,6
2021-05-18,MADISO,3
2021-05-18,MIDTOW,4
2021-05-18,NORTH,4
2021-05-18,SOUTH,14
2021-05-18,WEST,8
2021-05-19,CENTRA,9
2021-05-19,EAST,4
2021-05-19,HERMIT,13
2021-05-19,MADISO,1
2021-05-19,MIDTOW,11
2021-05-19,NORTH,5
2021-05-19,SOUTH,21
2021-05-19,WEST,5
2021-05-20,CENTRA,3
2021-05-20,EAST,4
2021-05-20,HERMIT,10
2021-05-20,MADISO,4
2021-05-20,MIDTOW,7
2021-05-20,NORTH,6
2021-05-20,SOUTH,12
2021-05-20,WEST,4
2021-05-21,CENTRA,4
2021-05-21,EAST,4
2021-05-21,HERMIT,10
2021-05-21,MADISO,5
2021-05-21,MIDTOW,3
2021-05-21,NORTH,1
2021-05-21,SOUTH,14
2021-05-21,WEST,5
2021-05-22,CENTRA,3
2021-05-22,EAST,5
2021-05-22,HERMIT,9
2021-05-22,MADISO,8
2021-05-22,MIDTOW,5
2021-05-22,NORTH,9
2021-05-22,SOUTH,20
2021-05-22,WEST,9
2021-05-23,CENTRA,4
2021-05-23,EAST,3
2021-05-23,HERMIT,8
2021-05-23,MADISO,5
2021-05-23,MIDTOW,4
2021-05-23,NORTH,5
2021-05-23,SOUTH,5
2021-05-23,WEST,3
